{
  "file_name": "3_3_frame_11",
  "bb": [
    [
      958,
      304,
      628,
      628
    ],
    [
      405,
      121,
      678,
      678
    ]
  ],
  "valid_bb": [
    1,
    1
  ],
  "cell": [
    [
      [
        1520.5,
        581.1669999999999
      ],
      [
        1482.5,
        590.5
      ],
      [
        1487.1670000000001,
        559.1669999999999
      ],
      [
        1464.5,
        558.0
      ],
      [
        1449.8329999999999,
        562.5
      ],
      [
        1441.1670000000001,
        577.8330000000001
      ],
      [
        1407.1670000000001,
        583.1669999999999
      ],
      [
        1396.5,
        553.8330000000001
      ],
      [
        1387.1670000000001,
        572.5
      ],
      [
        1372.5,
        594.5
      ],
      [
        1333.1670000000001,
        603.8330000000001
      ],
      [
        1297.833,
        586.5
      ],
      [
        1269.833,
        559.1669999999999
      ],
      [
        1262.5,
        593.8330000000001
      ],
      [
        1237.167,
        603.1669999999999
      ],
      [
        1223.167,
        627.1669999999999
      ],
      [
        1255.167,
        633.8330000000001
      ],
      [
        1268.5,
        630.5
      ],
      [
        1262.5,
        659.1669999999999
      ],
      [
        1200.5,
        613.8330000000001
      ],
      [
        1182.5,
        613.1669999999999
      ],
      [
        1177.167,
        602.5
      ],
      [
        1172.5,
        648.5
      ],
      [
        1143.833,
        587.1669999999999
      ],
      [
        1117.833,
        575.1669999999999
      ],
      [
        1155.833,
        537.1669999999999
      ],
      [
        1165.167,
        501.167
      ],
      [
        1213.167,
        549.1669999999999
      ],
      [
        1218.5,
        523.1669999999999
      ],
      [
        1232.5,
        503.833
      ],
      [
        1251.833,
        519.1669999999999
      ],
      [
        1312.5,
        499.833
      ],
      [
        1337.8329999999999,
        517.1669999999999
      ],
      [
        1367.8329999999999,
        513.8330000000001
      ],
      [
        1356.8329999999999,
        478.167
      ],
      [
        1335.8329999999999,
        452.5
      ],
      [
        1343.8329999999999,
        438.5
      ],
      [
        1329.1670000000001,
        418.5
      ],
      [
        1383.8329999999999,
        403.167
      ],
      [
        1424.5,
        459.833
      ],
      [
        1443.1670000000001,
        469.833
      ],
      [
        1415.1670000000001,
        479.167
      ],
      [
        1429.8329999999999,
        495.833
      ],
      [
        1405.1670000000001,
        520.5
      ],
      [
        1489.8329999999999,
        523.8330000000001
      ],
      [
        1503.8329999999999,
        619.8330000000001
      ],
      [
        1490.5,
        655.5
      ],
      [
        1496.5,
        639.8330000000001
      ],
      [
        1484.5,
        679.1669999999999
      ],
      [
        1522.5,
        689.1669999999999
      ],
      [
        1441.1670000000001,
        671.1669999999999
      ],
      [
        1420.5,
        681.8330000000001
      ],
      [
        1385.1670000000001,
        637.1669999999999
      ],
      [
        1355.8329999999999,
        678.5
      ],
      [
        1366.5,
        684.5
      ],
      [
        1388.5,
        688.5
      ],
      [
        1337.1670000000001,
        709.1669999999999
      ],
      [
        1369.1670000000001,
        755.1669999999999
      ],
      [
        1352.5,
        749.1669999999999
      ],
      [
        1361.1670000000001,
        721.1669999999999
      ],
      [
        1381.1670000000001,
        716.5
      ],
      [
        1447.8329999999999,
        767.8330000000001
      ],
      [
        1484.5,
        741.1669999999999
      ],
      [
        1399.1670000000001,
        796.5
      ],
      [
        1421.8329999999999,
        810.5
      ],
      [
        1408.5,
        833.8330000000001
      ],
      [
        1309.833,
        874.5
      ],
      [
        1324.5,
        821.8330000000001
      ],
      [
        1332.5,
        801.8330000000001
      ],
      [
        1349.1670000000001,
        775.8330000000001
      ],
      [
        1328.5,
        769.1669999999999
      ],
      [
        1273.833,
        801.8330000000001
      ],
      [
        1234.5,
        805.8330000000001
      ],
      [
        1224.0,
        776.5
      ],
      [
        1193.833,
        739.8330000000001
      ],
      [
        1214.5,
        711.8330000000001
      ],
      [
        1212.5,
        697.1669999999999
      ],
      [
        1260.5,
        723.1669999999999
      ],
      [
        1278.5,
        725.8330000000001
      ],
      [
        1199.167,
        800.5
      ],
      [
        1167.167,
        817.1669999999999
      ],
      [
        1147.833,
        787.8330000000001
      ],
      [
        1120.5,
        826.5
      ],
      [
        1160.5,
        855.1669999999999
      ],
      [
        1179.833,
        843.1669999999999
      ],
      [
        1120.5,
        639.1669999999999
      ],
      [
        1109.167,
        663.1669999999999
      ],
      [
        1098.5,
        703.8330000000001
      ],
      [
        1020.5,
        711.8330000000001
      ],
      [
        1057.833,
        730.5
      ],
      [
        1067.167,
        777.8330000000001
      ],
      [
        1030.5,
        569.8330000000001
      ],
      [
        1035.833,
        611.1669999999999
      ],
      [
        997.1669999999999,
        603.8330000000001
      ],
      [
        1082.5,
        617.8330000000001
      ],
      [
        1049.833,
        562.5
      ],
      [
        1063.167,
        544.5
      ],
      [
        1071.167,
        520.5
      ],
      [
        1079.833,
        493.833
      ],
      [
        999.8330000000001,
        520.5
      ],
      [
        1017.1669999999999,
        511.167
      ],
      [
        1022.5,
        486.5
      ],
      [
        1111.833,
        469.833
      ],
      [
        1173.833,
        427.833
      ],
      [
        1128.5,
        380.5
      ],
      [
        1154.5,
        361.833
      ],
      [
        1257.167,
        347.833
      ],
      [
        1220.5,
        403.833
      ],
      [
        1197.167,
        417.167
      ],
      [
        1339.5,
        786.0
      ]
    ],
    [
      [
        553.0,
        580.0
      ],
      [
        566.1669999999999,
        590.1669999999999
      ],
      [
        533.5,
        630.8330000000001
      ],
      [
        563.5,
        624.8330000000001
      ],
      [
        588.8330000000001,
        608.1669999999999
      ],
      [
        627.5,
        622.1669999999999
      ],
      [
        647.5,
        605.5
      ],
      [
        664.8330000000001,
        677.5
      ],
      [
        713.5,
        636.1669999999999
      ],
      [
        754.1669999999999,
        690.1669999999999
      ],
      [
        858.8330000000001,
        642.8330000000001
      ],
      [
        876.1669999999999,
        574.1669999999999
      ],
      [
        918.8330000000001,
        549.5
      ],
      [
        943.1669999999999,
        550.5
      ],
      [
        951.5,
        492.167
      ],
      [
        938.8330000000001,
        510.833
      ],
      [
        910.1669999999999,
        489.5
      ],
      [
        926.8330000000001,
        465.5
      ],
      [
        908.8330000000001,
        445.5
      ],
      [
        936.1669999999999,
        416.167
      ],
      [
        956.1669999999999,
        382.167
      ],
      [
        980.8330000000001,
        331.5
      ],
      [
        965.5,
        292.83299999999997
      ],
      [
