{
  "file_name": "3_3_frame_24",
  "bb": [
    [
      1139,
      345,
      634,
      634
    ],
    [
      580,
      142,
      652,
      652
    ]
  ],
  "valid_bb": [
    1,
    1
  ],
  "cell": [
    [
      [
        1666.8329999999999,
        724.8330000000001
      ],
      [
        1667.5,
        710.1669999999999
      ],
      [
        1672.1670000000001,
        685.5
      ],
      [
        1703.5,
        654.8330000000001
      ],
      [
        1648.8329999999999,
        632.5
      ],
      [
        1617.5,
        633.1669999999999
      ],
      [
        1593.5,
        609.8330000000001
      ],
      [
        1642.8329999999999,
        678.5
      ],
      [
        1616.1670000000001,
        701.1669999999999
      ],
      [
        1629.5,
        723.1669999999999
      ],
      [
        1580.8329999999999,
        677.8330000000001
      ],
      [
        1528.5,
        698.5
      ],
      [
        1560.1670000000001,
        723.8330000000001
      ],
      [
        1514.1670000000001,
        745.1669999999999
      ],
      [
        1496.1670000000001,
        768.5
      ],
      [
        1523.5,
        789.8330000000001
      ],
      [
        1505.5,
        801.1669999999999
      ],
      [
        1561.5,
        793.1669999999999
      ],
      [
        1592.8329999999999,
        787.8330000000001
      ],
      [
        1598.1670000000001,
        819.1669999999999
      ],
      [
        1618.0,
        830.0
      ],
      [
        1644.8329999999999,
        830.5
      ],
      [
        1626.1670000000001,
        763.1669999999999
      ],
      [
        1554.1670000000001,
        752.5
      ],
      [
        1580.1670000000001,
        558.5
      ],
      [
        1589.5,
        524.5
      ],
      [
        1538.8329999999999,
        486.5
      ],
      [
        1514.1670000000001,
        473.833
      ],
      [
        1506.8329999999999,
        491.833
      ],
      [
        1520.8329999999999,
        509.833
      ],
      [
        1497.5,
        531.8330000000001
      ],
      [
        1511.0,
        546.5
      ],
      [
        1480.8329999999999,
        555.8330000000001
      ],
      [
        1528.8329999999999,
        571.8330000000001
      ],
      [
        1450.1670000000001,
        574.5
      ],
      [
        1436.8329999999999,
        605.1669999999999
      ],
      [
        1414.1670000000001,
        601.8330000000001
      ],
      [
        1388.1670000000001,
        621.8330000000001
      ],
      [
        1350.1670000000001,
        611.8330000000001
      ],
      [
        1399.5,
        647.8330000000001
      ],
      [
        1408.1670000000001,
        665.8330000000001
      ],
      [
        1422.8329999999999,
        623.8330000000001
      ],
      [
        1418.8329999999999,
        703.1669999999999
      ],
      [
        1422.1670000000001,
        681.8330000000001
      ],
      [
        1459.5,
        680.5
      ],
      [
        1434.1670000000001,
        737.1669999999999
      ],
      [
        1434.8329999999999,
        787.8330000000001
      ],
      [
        1383.5,
        765.8330000000001
      ],
      [
        1364.8329999999999,
        763.8330000000001
      ],
      [
        1347.5,
        737.1669999999999
      ],
      [
        1320.1670000000001,
        745.1669999999999
      ],
      [
        1293.5,
        751.1669999999999
      ],
      [
        1298.833,
        771.1669999999999
      ],
      [
        1269.5,
        799.1669999999999
      ],
      [
        1249.5,
        773.8330000000001
      ],
      [
        1260.833,
        758.5
      ],
      [
        1233.5,
        789.8330000000001
      ],
      [
        1229.5,
        807.1669999999999
      ],
      [
        1242.167,
        831.8330000000001
      ],
      [
        1196.833,
        783.8330000000001
      ],
      [
        1212.833,
        731.8330000000001
      ],
      [
        1282.167,
        713.1669999999999
      ],
      [
        1279.5,
        692.5
      ],
      [
        1297.5,
        673.8330000000001
      ],
      [
        1296.167,
        566.5
      ],
      [
        1296.167,
        594.5
      ],
      [
        1272.833,
        585.8330000000001
      ],
      [
        1264.167,
        605.8330000000001
      ],
      [
        1245.5,
        587.1669999999999
      ],
      [
        1245.5,
        549.8330000000001
      ],
      [
        1218.167,
        509.167
      ],
      [
        1176.833,
        593.8330000000001
      ],
      [
        1202.167,
        607.8330000000001
      ],
      [
        1202.167,
        640.5
      ],
      [
        1197.5,
        657.8330000000001
      ],
      [
        1273.5,
        655.1669999999999
      ],
      [
        1367.5,
        541.8330000000001
      ],
      [
        1406.8329999999999,
        530.5
      ],
      [
        1466.8329999999999,
        484.5
      ],
      [
        1438.1670000000001,
        467.833
      ],
      [
        1430.8329999999999,
        532.5
      ],
      [
        1411.5,
        509.167
      ],
      [
        1382.8329999999999,
        499.833
      ],
      [
        1360.8329999999999,
        485.167
      ],
      [
        1366.1670000000001,
        461.833
      ],
      [
        1391.5,
        444.5
      ],
      [
        1332.1670000000001,
        467.833
      ],
      [
        1296.167,
        475.833
      ],
      [
        1266.833,
        480.5
      ],
      [
        1267.5,
        463.167
      ],
      [
        1276.833,
        443.167
      ],
      [
        1488.5,
        928.1669999999999
      ],
      [
        1516.5,
        917.5
      ],
      [
        1533.8329999999999,
        874.1669999999999
      ],
      [
        1496.5,
        872.1669999999999
      ],
      [
        1520.5,
        840.8330000000001
      ],
      [
        1503.1670000000001,
        837.5
      ],
      [
        1481.1670000000001,
        833.5
      ],
      [
        1451.0,
        850.5
      ],
      [
        1474.5,
        867.5
      ],
      [
        1429.8329999999999,
        884.1669999999999
      ],
      [
        1339.8329999999999,
        906.1669999999999
      ],
      [
        1371.8329999999999,
        831.5
      ],
      [
        1367.8329999999999,
        791.5
      ],
      [
        1339.5,
        784.5
      ],
      [
        1323.8329999999999,
        800.8330000000001
      ],
      [
        1334.5,
        824.8330000000001
      ],
      [
        1304.5,
        840.1669999999999
      ],
      [
        1288.5,
        807.5
      ],
      [
        1326.5,
        838.1669999999999
      ],
      [
        1594.5,
        866.8330000000001
      ],
      [
        1549.8329999999999,
        837.5
      ],
      [
        1532.5,
        721.5
      ],
      [
        1329.1670000000001,
        676.8330000000001
      ],
      [
        1259.167,
        736.8330000000001
      ],
      [
        1296.5,
        580.5
      ],
      [
        1581.5,
        516.5
      ],
      [
        1546.5,
        587.0
      ],
      [
        1497.5,
        561.5
      ],
      [
        1427.5,
        595.0
      ],
      [
        1517.0,
        859.0
      ],
      [
        1493.0,
        850.0
      ],
      [
        1347.0,
        814.5
      ],
      [
        1234.0,
        847.0
      ],
      [
        1314.0,
        671.0
      ]
    ],
    [
      [
        697.0,
        628.0
      ],
      [
        675.8330000000001,
        638.8330000000001
      ],
      [
        671.8330000000001,
        608.1669999999999
      ],
      [
        700.5,
        585.5
      ],
      [
        638.5,
        529.0
      ],
      [
        642.5,
        444.167
      ],
      [
        658.5,
        402.167
      ],
      [
        738.5,
        601.5
