{
  "file_name": "3_3_frame_7",
  "bb": [
    [
      457,
      41,
      610,
      610
    ],
    [
      1113,
      291,
      658,
      658
    ]
  ],
  "valid_bb": [
    1,
    1
  ],
  "cell": [
    [
      [
        646.0,
        585.0
      ],
      [
        640.5,
        560.0
      ],
      [
        610.5,
        557.1669999999999
      ],
      [
        660.5,
        535.0
      ],
      [
        1028.833,
        378.833
      ],
      [
        965.5,
        362.167
      ],
      [
        922.1669999999999,
        332.167
      ],
      [
        897.0,
        340.5
      ],
      [
        909.5,
        313.5
      ],
      [
        868.1669999999999,
        357.5
      ],
      [
        827.5,
        365.5
      ],
      [
        814.1669999999999,
        318.83299999999997
      ],
      [
        838.0,
        318.0
      ],
      [
        848.5,
        265.16700000000003
      ],
      [
        1036.833,
        294.83299999999997
      ],
      [
        1027.5,
        249.5
      ],
      [
        1010.1669999999999,
        238.833
      ],
      [
        1010.8330000000001,
        419.5
      ],
      [
        955.5,
        468.5
      ],
      [
        891.5,
        487.5
      ],
      [
        890.5,
        461.5
      ],
      [
        881.5,
        434.833
      ],
      [
        870.8330000000001,
        405.5
      ],
      [
        844.1669999999999,
        422.833
      ],
      [
        844.0,
        449.5
      ],
      [
        914.1669999999999,
        409.5
      ],
      [
        725.5,
        368.167
      ],
      [
        750.8330000000001,
        374.833
      ],
      [
        770.8330000000001,
        381.5
      ],
      [
        752.8330000000001,
        439.5
      ],
      [
        793.5,
        393.5
      ],
      [
        762.8330000000001,
        489.5
      ],
      [
        740.5,
        461.0
      ],
      [
        704.1669999999999,
        434.833
      ],
      [
        684.8330000000001,
        412.167
      ],
      [
        770.1669999999999,
        286.83299999999997
      ],
      [
        748.1669999999999,
        247.5
      ],
      [
        733.5,
        252.833
      ],
      [
        717.5,
        234.167
      ],
      [
        702.1669999999999,
        238.833
      ],
      [
        736.8330000000001,
        179.5
      ],
      [
        767.5,
        214.833
      ],
      [
        782.8330000000001,
        202.167
      ],
      [
        802.1669999999999,
        226.167
      ],
      [
        811.5,
        249.5
      ],
      [
        854.1669999999999,
        237.5
      ],
      [
        866.8330000000001,
        213.5
      ],
      [
        844.8330000000001,
        205.5
      ],
      [
        865.5,
        188.0
      ],
      [
        936.8330000000001,
        189.5
      ],
      [
        950.1669999999999,
        168.167
      ],
      [
        961.5,
        200.167
      ],
      [
        940.1669999999999,
        218.833
      ],
      [
        930.8330000000001,
        242.167
      ],
      [
        918.1669999999999,
        266.83299999999997
      ],
      [
        888.8330000000001,
        259.16700000000003
      ],
      [
        884.8330000000001,
        280.83299999999997
      ],
      [
        948.8330000000001,
        301.5
      ],
      [
        547.5,
        266.5
      ],
      [
        549.5,
        234.5
      ],
      [
        564.0,
        214.0
      ],
      [
        536.1669999999999,
        206.5
      ],
      [
        596.8330000000001,
        221.167
      ],
      [
        652.8330000000001,
        189.167
      ],
      [
        656.1669999999999,
        277.16700000000003
      ],
      [
        670.1669999999999,
        277.16700000000003
      ],
      [
        648.1669999999999,
        313.16700000000003
      ],
      [
        670.1669999999999,
        337.833
      ],
      [
        638.1669999999999,
        342.5
      ],
      [
        666.1669999999999,
        368.5
      ],
      [
        525.5,
        290.5
      ],
      [
        500.167,
        324.5
      ],
      [
        520.8330000000001,
        334.5
      ],
      [
        540.1669999999999,
        325.16700000000003
      ],
      [
        595.5,
        297.83299999999997
      ],
      [
        579.0,
        306.5
      ],
      [
        544.1669999999999,
        343.167
      ],
      [
        557.1669999999999,
        366.5
      ],
      [
        570.8330000000001,
        353.833
      ],
      [
        602.1669999999999,
        341.833
      ],
      [
        600.0,
        379.0
      ],
      [
        621.5,
        399.833
      ],
      [
        523.5,
        393.167
      ],
      [
        514.1669999999999,
        416.5
      ],
      [
        555.5,
        393.833
      ],
      [
        540.1669999999999,
        431.167
      ],
      [
        546.1669999999999,
        469.833
      ],
      [
        567.5,
        491.833
      ],
      [
        560.8330000000001,
        524.5
      ],
      [
        583.5,
        448.5
      ],
      [
        611.5,
        500.5
      ],
      [
        639.5,
        483.5
      ],
      [
        657.5,
        476.5
      ],
      [
        736.0,
        558.0
      ],
      [
        752.1669999999999,
        549.8330000000001
      ],
      [
        804.8330000000001,
        520.5
      ],
      [
        820.8330000000001,
        515.8330000000001
      ],
      [
        838.1669999999999,
        499.833
      ],
      [
        869.5,
        519.1669999999999
      ],
      [
        856.1669999999999,
        529.1669999999999
      ],
      [
        870.1669999999999,
        558.5
      ],
      [
        904.1669999999999,
        552.5
      ],
      [
        910.8330000000001,
        575.1669999999999
      ],
      [
        835.5,
        595.8330000000001
      ],
      [
        811.5,
        273.83299999999997
      ],
      [
        756.1669999999999,
        71.167
      ],
      [
        793.5,
        76.5
      ],
      [
        810.8330000000001,
        93.167
      ],
      [
        782.0,
        113.0
      ],
      [
        782.8330000000001,
        141.167
      ],
      [
        718.8330000000001,
        123.167
      ],
      [
        700.1669999999999,
        109.833
      ],
      [
        664.8330000000001,
        113.833
      ],
      [
        656.8330000000001,
        145.833
      ],
      [
        607.5,
        149.833
      ],
      [
        611.5,
        170.5
      ],
      [
        675.5,
        396.0
      ],
      [
        636.0,
        391.5
      ],
      [
        816.1669999999999,
        169.833
      ],
      [
        788.8330000000001,
        177.833
      ],
      [
        918.1669999999999,
        137.833
      ],
      [
        904.8330000000001,
        164.5
      ],
      [
        832.1669999999999,
        351.167
      ],
      [
        669.0,
        209.0
      ],
      [
        915.0,
        161.0
      ],
      [
        869.0,
        175.5
      ],
      [
        810.5,
        183.0
      ],
      [
        561.0,
        314.0
      ],
      [
        538.0,
        391.5
      ],
      [
        726.0,
        484.0
      ],
      [
        780.0,
        380.0
      ],
      [
        665.0,
        405.5
      ],
      [
        652.0,
        379.5
      ],
      [
        883.5,
        162.5
      ],
      [
        950.8330000000001,
        180.5
      ],
      [
        817.0,
        612.5
      ]
    ],
    [
      [
        1655.5,
        706.5
      ],
      [
        1616.1670000000001,
        697.1669999999999
      ],
      [
        1692.1670000000001,
        623.8330000000001
      ],
      [
        1679.5,
        591.1669999999999
      ],
      [
        1604.1670000000001,
        759.8330000000001
      ],
