{
  "file_name": "3_3_frame_14",
  "bb": [
    [
      779,
      391,
      650,
      650
    ],
    [
      36,
      118,
      616,
      616
    ]
  ],
  "valid_bb": [
    1,
    1
  ],
  "cell": [
    [
      [
        1019.0,
        474.0
      ],
      [
        975.8330000000001,
        478.5
      ],
      [
        939.1669999999999,
        503.833
      ],
      [
        910.5,
        525.1669999999999
      ],
      [
        1087.167,
        469.167
      ],
      [
        1100.5,
        505.167
      ],
      [
        1111.167,
        528.5
      ],
      [
        1151.833,
        511.167
      ],
      [
        1145.833,
        537.1669999999999
      ],
      [
        1165.167,
        541.1669999999999
      ],
      [
        1185.167,
        540.5
      ],
      [
        1189.833,
        523.8330000000001
      ],
      [
        1201.833,
        560.5
      ],
      [
        1169.167,
        576.5
      ],
      [
        1125.833,
        583.1669999999999
      ],
      [
        1139.833,
        579.8330000000001
      ],
      [
        1165.833,
        600.5
      ],
      [
        1170.5,
        595.1669999999999
      ],
      [
        1159.833,
        619.1669999999999
      ],
      [
        1184.5,
        613.1669999999999
      ],
      [
        1223.167,
        631.1669999999999
      ],
      [
        1203.833,
        651.1669999999999
      ],
      [
        1225.167,
        595.8330000000001
      ],
      [
        1251.167,
        589.8330000000001
      ],
      [
        1278.5,
        613.8330000000001
      ],
      [
        1277.833,
        642.5
      ],
      [
        1263.833,
        669.1669999999999
      ],
      [
        1241.167,
        669.1669999999999
      ],
      [
        1213.167,
        679.8330000000001
      ],
      [
        1237.833,
        701.8330000000001
      ],
      [
        1261.167,
        709.1669999999999
      ],
      [
        1239.833,
        738.5
      ],
      [
        1233.167,
        759.1669999999999
      ],
      [
        1246.5,
        772.5
      ],
      [
        1306.5,
        705.1669999999999
      ],
      [
        1334.5,
        677.8330000000001
      ],
      [
        1363.8329999999999,
        669.8330000000001
      ],
      [
        1317.8329999999999,
        653.8330000000001
      ],
      [
        1333.1670000000001,
        763.8330000000001
      ],
      [
        1320.5,
        759.1669999999999
      ],
      [
        1349.8329999999999,
        816.5
      ],
      [
        1334.5,
        820.5
      ],
      [
        1320.5,
        832.5
      ],
      [
        1283.833,
        820.5
      ],
      [
        1233.167,
        847.1669999999999
      ],
      [
        1201.167,
        856.5
      ],
      [
        1183.167,
        865.1669999999999
      ],
      [
        1242.5,
        903.8330000000001
      ],
      [
        1281.167,
        902.5
      ],
      [
        1209.167,
        937.1669999999999
      ],
      [
        1186.5,
        939.8330000000001
      ],
      [
        1189.167,
        959.1669999999999
      ],
      [
        1193.167,
        986.5
      ],
      [
        1145.833,
        918.5
      ],
      [
        1176.5,
        705.1669999999999
      ],
      [
        1163.167,
        707.1669999999999
      ],
      [
        1147.833,
        711.1669999999999
      ],
      [
        1148.5,
        669.8330000000001
      ],
      [
        1173.167,
        668.5
      ],
      [
        1107.833,
        687.1669999999999
      ],
      [
        1087.167,
        706.5
      ],
      [
        1089.167,
        749.1669999999999
      ],
      [
        1065.833,
        752.5
      ],
      [
        1085.167,
        769.8330000000001
      ],
      [
        1121.833,
        743.8330000000001
      ],
      [
        1147.833,
        775.8330000000001
      ],
      [
        1163.167,
        790.5
      ],
      [
        1171.167,
        805.8330000000001
      ],
      [
        1103.167,
        915.8330000000001
      ],
      [
        1062.5,
        949.8330000000001
      ],
      [
        1057.167,
        987.1669999999999
      ],
      [
        1055.167,
        921.8330000000001
      ],
      [
        1042.5,
        917.8330000000001
      ],
      [
        1038.5,
        876.5
      ],
      [
        1008.5,
        875.8330000000001
      ],
      [
        1023.8330000000001,
        849.8330000000001
      ],
      [
        1063.833,
        881.8330000000001
      ],
      [
        1051.833,
        855.8330000000001
      ],
      [
        1061.167,
        837.8330000000001
      ],
      [
        1069.833,
        802.5
      ],
      [
        1095.833,
        819.1669999999999
      ],
      [
        1107.167,
        796.5
      ],
      [
        1035.833,
        770.5
      ],
      [
        1010.5,
        773.8330000000001
      ],
      [
        988.5,
        758.5
      ],
      [
        922.5,
        784.5
      ],
      [
        902.5,
        800.5
      ],
      [
        906.5,
        839.1669999999999
      ],
      [
        873.1669999999999,
        859.1669999999999
      ],
      [
        904.5,
        869.8330000000001
      ],
      [
        949.1669999999999,
        839.8330000000001
      ],
      [
        925.1669999999999,
        840.5
      ],
      [
        940.5,
        865.1669999999999
      ],
      [
        926.5,
        915.1669999999999
      ],
      [
        832.5,
        776.5
      ],
      [
        823.1669999999999,
        726.5
      ],
      [
        839.0,
        753.5
      ],
      [
        869.1669999999999,
        711.8330000000001
      ],
      [
        827.1669999999999,
        673.8330000000001
      ],
      [
        936.5,
        743.1669999999999
      ],
      [
        915.8330000000001,
        721.8330000000001
      ],
      [
        899.8330000000001,
        678.5
      ],
      [
        881.8330000000001,
        674.5
      ],
      [
        853.8330000000001,
        661.1669999999999
      ],
      [
        859.1669999999999,
        625.1669999999999
      ],
      [
        1029.833,
        679.1669999999999
      ],
      [
        1038.5,
        647.1669999999999
      ],
      [
        965.8330000000001,
        545.8330000000001
      ],
      [
        983.1669999999999,
        537.1669999999999
      ],
      [
        938.5,
        567.1669999999999
      ],
      [
        910.5,
        575.8330000000001
      ],
      [
        865.1669999999999,
        596.5
      ],
      [
        887.8330000000001,
        621.1669999999999
      ],
      [
        937.1669999999999,
        607.8330000000001
      ],
      [
        962.5,
        596.5
      ],
      [
        982.5,
        588.5
      ],
      [
        1011.8330000000001,
        587.8330000000001
      ],
      [
        1063.833,
        599.1669999999999
      ],
      [
        1082.5,
        639.1669999999999
      ],
      [
        1007.8330000000001,
        620.5
      ],
      [
        981.8330000000001,
        632.5
      ],
      [
        1008.5,
        651.1669999999999
      ],
      [
        945.8330000000001,
        639.8330000000001
      ],
      [
        959.8330000000001,
        667.8330000000001
      ],
      [
        972.5,
        698.5
      ],
      [
        953.8330000000001,
        699.8330000000001
      ],
      [
        1235.833,
        621.1669999999999
      ],
      [
        1231.0,
        507.0
      ],
      [
        898.5,
        596.5
      ],
      [
        1072.0,
        618.5
      ],
      [
        1211.0,
        636.0
      ]
    ],
    [
      [
        114.0,
        308.0
      ],
      [
        91.5,
        348.5
      ],
      [
        78.167,
        438.5
      ],
      [
        96.167,
        457.167
      ],
      [
