{
  "file_name": "3_3_frame_8",
  "bb": [
    [
      744,
      32,
      620,
      620
    ],
    [
      16,
      310,
      616,
      616
    ]
  ],
  "valid_bb": [
    1,
    1
  ],
  "cell": [
    [
      [
        1309.167,
        264.16700000000003
      ],
      [
        1285.5,
        295.5
      ],
      [
        1263.167,
        263.5
      ],
      [
        1263.833,
        237.5
      ],
      [
        1247.833,
        220.833
      ],
      [
        1216.5,
        196.167
      ],
      [
        1215.167,
        214.167
      ],
      [
        1233.167,
        180.167
      ],
      [
        1215.833,
        135.5
      ],
      [
        1193.833,
        118.833
      ],
      [
        1163.833,
        122.833
      ],
      [
        1151.833,
        86.833
      ],
      [
        1095.167,
        103.5
      ],
      [
        1091.167,
        117.5
      ],
      [
        1070.5,
        82.167
      ],
      [
        1319.8329999999999,
        312.83299999999997
      ],
      [
        1299.167,
        324.83299999999997
      ],
      [
        1302.5,
        357.5
      ],
      [
        1331.1670000000001,
        340.833
      ],
      [
        1313.1670000000001,
        391.5
      ],
      [
        1261.833,
        410.833
      ],
      [
        1267.0,
        484.0
      ],
      [
        1247.5,
        518.0
      ],
      [
        1235.167,
        500.833
      ],
      [
        1217.833,
        504.167
      ],
      [
        1189.167,
        492.833
      ],
      [
        1160.5,
        488.167
      ],
      [
        1157.5,
        449.0
      ],
      [
        1187.833,
        449.5
      ],
      [
        1193.167,
        413.5
      ],
      [
        1167.833,
        393.5
      ],
      [
        1168.5,
        360.167
      ],
      [
        1243.5,
        406.0
      ],
      [
        1209.167,
        312.16700000000003
      ],
      [
        1132.5,
        292.83299999999997
      ],
      [
        1131.167,
        319.5
      ],
      [
        1119.5,
        328.5
      ],
      [
        1119.833,
        264.83299999999997
      ],
      [
        1097.5,
        237.5
      ],
      [
        1143.167,
        578.1669999999999
      ],
      [
        1112.5,
        580.8330000000001
      ],
      [
        1079.833,
        552.1669999999999
      ],
      [
        1099.833,
        530.1669999999999
      ],
      [
        1014.0,
        610.0
      ],
      [
        987.1669999999999,
        584.1669999999999
      ],
      [
        1003.8330000000001,
        538.1669999999999
      ],
      [
        999.1669999999999,
        498.833
      ],
      [
        997.1669999999999,
        455.5
      ],
      [
        1030.5,
        456.167
      ],
      [
        1028.5,
        472.833
      ],
      [
        1056.5,
        494.833
      ],
      [
        955.8330000000001,
        453.5
      ],
      [
        901.8330000000001,
        520.8330000000001
      ],
      [
        883.8330000000001,
        553.5
      ],
      [
        907.8330000000001,
        553.5
      ],
      [
        920.5,
        578.1669999999999
      ],
      [
        941.8330000000001,
        576.8330000000001
      ],
      [
        858.5,
        437.5
      ],
      [
        833.5,
        451.5
      ],
      [
        810.5,
        455.5
      ],
      [
        816.0,
        436.0
      ],
      [
        847.1669999999999,
        425.5
      ],
      [
        824.5,
        413.5
      ],
      [
        859.8330000000001,
        414.167
      ],
      [
        866.5,
        392.167
      ],
      [
        909.1669999999999,
        370.167
      ],
      [
        816.0,
        374.5
      ],
      [
        799.0,
        401.5
      ],
      [
        839.8330000000001,
        360.167
      ],
      [
        828.5,
        335.5
      ],
      [
        799.8330000000001,
        344.167
      ],
      [
        793.8330000000001,
        292.16700000000003
      ],
      [
        833.1669999999999,
        214.167
      ],
      [
        882.5,
        286.16700000000003
      ],
      [
        902.5,
        289.5
      ],
      [
        885.8330000000001,
        249.5
      ],
      [
        899.8330000000001,
        200.167
      ],
      [
        877.8330000000001,
        166.833
      ],
      [
        915.8330000000001,
        111.5
      ],
      [
        998.5,
        104.167
      ],
      [
        977.1669999999999,
        120.167
      ],
      [
        987.8330000000001,
        129.5
      ],
      [
        954.5,
        153.5
      ],
      [
        945.5,
        183.5
      ],
      [
        965.1669999999999,
        221.5
      ],
      [
        928.5,
        236.833
      ],
      [
        931.0,
        254.5
      ],
      [
        952.0,
        252.5
      ],
      [
        969.1669999999999,
        262.16700000000003
      ],
      [
        999.1669999999999,
        244.833
      ],
      [
        1001.8330000000001,
        220.167
      ],
      [
        1176.5,
        222.167
      ],
      [
        1046.5,
        262.16700000000003
      ],
      [
        1061.167,
        278.16700000000003
      ],
      [
        1085.167,
        262.83299999999997
      ],
      [
        1081.833,
        238.833
      ],
      [
        1010.0,
        276.5
      ],
      [
        989.8330000000001,
        287.5
      ],
      [
        1031.833,
        326.83299999999997
      ],
      [
        1086.5,
        352.167
      ],
      [
        1057.833,
        354.833
      ],
      [
        1044.5,
        368.167
      ],
      [
        1030.5,
        378.167
      ],
      [
        1009.8330000000001,
        386.167
      ],
      [
        1015.8330000000001,
        401.5
      ],
      [
        987.8330000000001,
        402.167
      ],
      [
        977.1669999999999,
        385.5
      ],
      [
        944.0,
        395.0
      ],
      [
        919.8330000000001,
        430.833
      ],
      [
        898.5,
        464.0
      ],
      [
        883.1669999999999,
        456.167
      ],
      [
        1091.833,
        417.5
      ],
      [
        1105.833,
        393.5
      ],
      [
        1110.5,
        445.5
      ],
      [
        1121.0,
        459.0
      ],
      [
        1100.5,
        205.5
      ],
      [
        1119.833,
        215.5
      ],
      [
        1119.5,
        171.0
      ],
      [
        1139.167,
        198.167
      ],
      [
        1165.167,
        183.5
      ],
      [
        1189.833,
        199.5
      ],
      [
        1077.833,
        174.833
      ],
      [
        1050.5,
        173.5
      ],
      [
        1057.833,
        144.167
      ],
      [
        898.5,
        161.5
      ],
      [
        885.1669999999999,
        391.5
      ],
      [
        1114.833,
        393.167
      ],
      [
        1151.0,
        458.0
      ],
      [
        1171.0,
        463.0
      ],
      [
        1017.0,
        594.0
      ],
      [
        916.5,
        564.5
      ],
      [
        1119.0,
        188.0
      ],
      [
        1068.5,
        185.5
      ],
      [
        1135.5,
        305.5
      ],
      [
        1015.0,
        210.0
      ],
      [
        830.0,
        245.0
      ]
    ],
    [
      [
        223.0,
        346.0
      ],
      [
        283.5,
        378.833
      ],
      [
        322.83299999999997,
        367.5
      ],
      [
        227.5,
        404.833
      ],
      [
        228.833,
        438.167
      ],
      [
        196.833,
        399.5
      ],
      [
        167.5,
        394.167
      ],
      [
        140.167,
        394.167
      ],
      [
        81.5,
        442.833
      ],
      [
        98.167,
        484.833
      ],
      [
        108.833,
        475.5
      ],
      [
