{
  "file_name": "3_3_frame_20",
  "bb": [
    [
      461,
      41,
      642,
      642
    ],
    [
      1161,
      257,
      662,
      662
    ]
  ],
  "valid_bb": [
    1,
    1
  ],
  "cell": [
    [
      [
        673.0,
        157.0
      ],
      [
        690.1669999999999,
        164.167
      ],
      [
        750.8330000000001,
        195.5
      ],
      [
        794.8330000000001,
        152.167
      ],
      [
        800.1669999999999,
        186.833
      ],
      [
        813.5,
        166.167
      ],
      [
        833.5,
        146.833
      ],
      [
        818.8330000000001,
        132.167
      ],
      [
        844.8330000000001,
        130.167
      ],
      [
        870.1669999999999,
        113.5
      ],
      [
        879.5,
        158.833
      ],
      [
        909.5,
        149.5
      ],
      [
        946.8330000000001,
        138.167
      ],
      [
        850.8330000000001,
        194.167
      ],
      [
        834.1669999999999,
        224.833
      ],
      [
        785.5,
        234.167
      ],
      [
        792.1669999999999,
        247.5
      ],
      [
        830.1669999999999,
        262.83299999999997
      ],
      [
        771.5,
        278.5
      ],
      [
        745.5,
        274.83299999999997
      ],
      [
        726.1669999999999,
        277.5
      ],
      [
        698.8330000000001,
        279.5
      ],
      [
        682.8330000000001,
        305.5
      ],
      [
        670.1669999999999,
        325.5
      ],
      [
        648.1669999999999,
        308.16700000000003
      ],
      [
        645.5,
        323.0
      ],
      [
        630.8330000000001,
        316.83299999999997
      ],
      [
        580.1669999999999,
        306.83299999999997
      ],
      [
        561.5,
        256.16700000000003
      ],
      [
        598.8330000000001,
        232.167
      ],
      [
        625.5,
        211.5
      ],
      [
        609.5,
        250.833
      ],
      [
        643.5,
        253.5
      ],
      [
        646.8330000000001,
        273.5
      ],
      [
        690.1669999999999,
        228.833
      ],
      [
        665.5,
        224.833
      ],
      [
        721.5,
        332.167
      ],
      [
        702.8330000000001,
        366.833
      ],
      [
        766.1669999999999,
        380.167
      ],
      [
        808.1669999999999,
        370.833
      ],
      [
        827.5,
        340.833
      ],
      [
        804.8330000000001,
        294.83299999999997
      ],
      [
        879.5,
        282.16700000000003
      ],
      [
        916.8330000000001,
        260.83299999999997
      ],
      [
        935.5,
        253.5
      ],
      [
        941.5,
        234.833
      ],
      [
        980.1669999999999,
        238.167
      ],
      [
        918.8330000000001,
        218.167
      ],
      [
        994.8330000000001,
        296.16700000000003
      ],
      [
        1016.1669999999999,
        279.5
      ],
      [
        1028.833,
        296.16700000000003
      ],
      [
        1040.167,
        305.5
      ],
      [
        967.5,
        331.5
      ],
      [
        960.8330000000001,
        381.5
      ],
      [
        980.1669999999999,
        407.5
      ],
      [
        998.1669999999999,
        406.167
      ],
      [
        998.1669999999999,
        435.5
      ],
      [
        982.1669999999999,
        460.833
      ],
      [
        1002.1669999999999,
        474.833
      ],
      [
        1026.167,
        442.167
      ],
      [
        1048.833,
        443.5
      ],
      [
        922.1669999999999,
        478.833
      ],
      [
        895.5,
        462.167
      ],
      [
        892.1669999999999,
        408.167
      ],
      [
        874.1669999999999,
        404.167
      ],
      [
        940.1669999999999,
        394.167
      ],
      [
        944.1669999999999,
        417.5
      ],
      [
        899.5,
        401.5
      ],
      [
        698.5,
        434.5
      ],
      [
        658.1669999999999,
        400.833
      ],
      [
        628.1669999999999,
        396.833
      ],
      [
        633.5,
        418.167
      ],
      [
        604.1669999999999,
        416.833
      ],
      [
        591.5,
        420.167
      ],
      [
        588.8330000000001,
        440.833
      ],
      [
        580.1669999999999,
        478.833
      ],
      [
        608.1669999999999,
        464.167
      ],
      [
        567.5,
        450.833
      ],
      [
        624.8330000000001,
        358.167
      ],
      [
        598.8330000000001,
        357.5
      ],
      [
        608.8330000000001,
        369.5
      ],
      [
        672.1669999999999,
        458.833
      ],
      [
        644.1669999999999,
        479.5
      ],
      [
        664.8330000000001,
        480.167
      ],
      [
        648.8330000000001,
        513.5
      ],
      [
        689.5,
        522.8330000000001
      ],
      [
        693.5,
        503.5
      ],
      [
        738.1669999999999,
        513.5
      ],
      [
        742.1669999999999,
        472.833
      ],
      [
        756.1669999999999,
        493.5
      ],
      [
        757.5,
        530.1669999999999
      ],
      [
        862.5,
        519.0
      ],
      [
        845.5,
        534.8330000000001
      ],
      [
        897.5,
        530.0
      ],
      [
        928.1669999999999,
        524.8330000000001
      ],
      [
        956.8330000000001,
        526.1669999999999
      ],
      [
        915.5,
        564.5
      ],
      [
        957.0,
        571.5
      ],
      [
        830.0,
        574.5
      ],
      [
        780.5,
        594.5
      ],
      [
        783.0,
        569.0
      ],
      [
        762.0,
        615.5
      ],
      [
        775.5,
        610.5
      ],
      [
        799.5,
        620.0
      ],
      [
        792.0,
        649.5
      ],
      [
        679.0,
        607.0
      ],
      [
        668.0,
        557.0
      ],
      [
        622.5,
        573.0
      ],
      [
        802.0,
        597.5
      ],
      [
        617.0,
        508.0
      ],
      [
        748.8330000000001,
        110.833
      ],
      [
        606.0,
        440.5
      ],
      [
        648.0,
        532.0
      ],
      [
        982.0,
        386.0
      ]
    ],
    [
      [
        1654.0,
        435.0
      ],
      [
        1684.1670000000001,
        486.167
      ],
      [
        1643.5,
        393.5
      ],
      [
        1628.1670000000001,
        397.5
      ],
      [
        1602.8329999999999,
        384.167
      ],
      [
        1598.8329999999999,
        414.833
      ],
      [
        1574.8329999999999,
        422.833
      ],
      [
        1574.1670000000001,
        450.833
      ],
      [
        1548.1670000000001,
        439.5
      ],
      [
        1546.8329999999999,
        409.5
      ],
      [
        1545.5,
        383.5
      ],
      [
        1466.1670000000001,
        444.833
      ],
      [
        1486.1670000000001,
        427.5
      ],
      [
        1473.5,
        402.167
      ],
      [
        1487.5,
        360.167
      ],
      [
        1462.8329999999999,
        324.83299999999997
      ],
      [
        1430.1670000000001,
        345.5
      ],
      [
        1403.5,
        347.5
      ],
      [
        1370.8329999999999,
        330.167
      ],
      [
        1286.833,
        374.833
      ],
      [
        1426.1670000000001,
        405.5
      ],
      [
        1438.1670000000001,
        373.5
      ],
      [
        1404.1670000000001,
        383.5
      ],
      [
        1391.5,
        381.5
      ],
      [
        1366.1670000000001,
        390.167
      ],
      [
        1342.1670000000001,
        409.5
      ],
      [
