{
  "file_name": "3_3_frame_16",
  "bb": [
    [
      653,
      121,
      642,
      642
    ]
  ],
  "valid_bb": [
    1
  ],
  "cell": [
    [
      [
        1050.0,
        183.0
      ],
      [
        1117.5,
        217.167
      ],
      [
        1020.8330000000001,
        233.167
      ],
      [
        1012.8330000000001,
        198.5
      ],
      [
        982.1669999999999,
        213.167
      ],
      [
        978.1669999999999,
        234.5
      ],
      [
        954.1669999999999,
        267.83299999999997
      ],
      [
        969.5,
        287.83299999999997
      ],
      [
        991.5,
        280.5
      ],
      [
        978.1669999999999,
        325.83299999999997
      ],
      [
        998.1669999999999,
        309.16700000000003
      ],
      [
        1041.5,
        305.83299999999997
      ],
      [
        1078.167,
        283.83299999999997
      ],
      [
        1118.167,
        296.5
      ],
      [
        1098.75,
        323.75
      ],
      [
        1079.5,
        359.167
      ],
      [
        1043.5,
        382.5
      ],
      [
        1040.833,
        409.167
      ],
      [
        1112.833,
        412.5
      ],
      [
        1140.833,
        437.833
      ],
      [
        1126.833,
        383.833
      ],
      [
        1149.25,
        348.5
      ],
      [
        1169.5,
        332.5
      ],
      [
        1148.833,
        274.5
      ],
      [
        1199.5,
        272.5
      ],
      [
        1212.5,
        311.75
      ],
      [
        1199.5,
        337.833
      ],
      [
        1206.167,
        361.167
      ],
      [
        1170.833,
        365.167
      ],
      [
        1180.833,
        377.167
      ],
      [
        1199.5,
        387.167
      ],
      [
        1202.167,
        440.5
      ],
      [
        1209.5,
        473.833
      ],
      [
        1178.167,
        476.5
      ],
      [
        1177.5,
        489.833
      ],
      [
        1128.167,
        514.5
      ],
      [
        1117.5,
        545.8330000000001
      ],
      [
        1076.833,
        541.1669999999999
      ],
      [
        1063.167,
        508.833
      ],
      [
        1040.833,
        500.5
      ],
      [
        1028.833,
        518.5
      ],
      [
        964.1669999999999,
        511.833
      ],
      [
        950.8330000000001,
        475.833
      ],
      [
        952.1669999999999,
        451.167
      ],
      [
        982.1669999999999,
        429.167
      ],
      [
        917.5,
        380.5
      ],
      [
        1023.75,
        323.25
      ],
      [
        929.5,
        403.833
      ],
      [
        916.8330000000001,
        447.167
      ],
      [
        904.8330000000001,
        481.167
      ],
      [
        914.8330000000001,
        486.5
      ],
      [
        880.1669999999999,
        455.167
      ],
      [
        855.5,
        475.167
      ],
      [
        848.1669999999999,
        489.167
      ],
      [
        839.5,
        469.833
      ],
      [
        816.1669999999999,
        451.833
      ],
      [
        772.1669999999999,
        459.167
      ],
      [
        699.5,
        525.8330000000001
      ],
      [
        694.1669999999999,
        387.167
      ],
      [
        746.5,
        384.167
      ],
      [
        766.8330000000001,
        369.167
      ],
      [
        783.5,
        338.5
      ],
      [
        775.1669999999999,
        310.83299999999997
      ],
      [
        740.1669999999999,
        309.83299999999997
      ],
      [
        746.1669999999999,
        298.5
      ],
      [
        796.8330000000001,
        307.16700000000003
      ],
      [
        827.5,
        290.5
      ],
      [
        794.8330000000001,
        263.83299999999997
      ],
      [
        841.5,
        211.167
      ],
      [
        910.1669999999999,
        253.167
      ],
      [
        866.1669999999999,
        271.16700000000003
      ],
      [
        880.1669999999999,
        309.83299999999997
      ],
      [
        880.1669999999999,
        295.83299999999997
      ],
      [
        868.8330000000001,
        347.167
      ],
      [
        848.5,
        362.833
      ],
      [
        824.1669999999999,
        347.167
      ],
      [
        852.1669999999999,
        529.1669999999999
      ],
      [
        814.8330000000001,
        521.8330000000001
      ],
      [
        777.5,
        519.8330000000001
      ],
      [
        774.8330000000001,
        541.8330000000001
      ],
      [
        790.1669999999999,
        550.5
      ],
      [
        806.8330000000001,
        558.5
      ],
      [
        832.1669999999999,
        569.8330000000001
      ],
      [
        800.1669999999999,
        587.1669999999999
      ],
      [
        771.5,
        595.1669999999999
      ],
      [
        873.5,
        535.8330000000001
      ],
      [
        962.8330000000001,
        565.1669999999999
      ],
      [
        1034.167,
        572.5
      ],
      [
        1002.8330000000001,
        597.1669999999999
      ],
      [
        1231.5,
        504.5
      ],
      [
        888.8330000000001,
        618.5
      ],
      [
        796.1669999999999,
        651.8330000000001
      ],
      [
        892.8330000000001,
        660.5
      ],
      [
        877.5,
        702.5
      ],
      [
        925.5,
        700.5
      ],
      [
        927.8330000000001,
        677.1669999999999
      ],
      [
        954.1669999999999,
        679.8330000000001
      ],
      [
        988.8330000000001,
        683.1669999999999
      ],
      [
        975.5,
        619.1669999999999
      ],
      [
        1038.167,
        613.8330000000001
      ],
      [
        1076.167,
        635.8330000000001
      ],
      [
        1102.833,
        601.8330000000001
      ],
      [
        1127.5,
        611.8330000000001
      ],
      [
        1154.167,
        607.8330000000001
      ],
      [
        773.8330000000001,
        347.833
      ],
      [
        843.8330000000001,
        351.167
      ],
      [
        904.1669999999999,
        670.1669999999999
      ],
      [
        1067.833,
        491.833
      ],
      [
        1139.0,
        347.25
      ]
    ]
  ]
}