{
  "file_name": "3_3_frame_15",
  "bb": [
    [
      1109,
      399,
      646,
      646
    ],
    [
      343,
      127,
      618,
      618
    ]
  ],
  "valid_bb": [
    1,
    1
  ],
  "cell": [
    [
      [
        1504.0,
        989.0
      ],
      [
        1427.5,
        969.8330000000001
      ],
      [
        1447.5,
        949.8330000000001
      ],
      [
        1462.1670000000001,
        918.5
      ],
      [
        1413.5,
        928.5
      ],
      [
        1399.5,
        905.8330000000001
      ],
      [
        1374.1670000000001,
        944.5
      ],
      [
        1361.5,
        957.8330000000001
      ],
      [
        1357.5,
        986.5
      ],
      [
        1327.5,
        927.1669999999999
      ],
      [
        1302.833,
        904.5
      ],
      [
        1298.833,
        890.5
      ],
      [
        1274.833,
        870.5
      ],
      [
        1252.833,
        864.5
      ],
      [
        1262.167,
        912.5
      ],
      [
        1243.5,
        928.5
      ],
      [
        1212.833,
        821.8330000000001
      ],
      [
        1171.5,
        825.1669999999999
      ],
      [
        1158.167,
        793.8330000000001
      ],
      [
        1221.5,
        791.1669999999999
      ],
      [
        1232.167,
        765.8330000000001
      ],
      [
        1204.167,
        751.8330000000001
      ],
      [
        1205.5,
        715.8330000000001
      ],
      [
        1179.5,
        667.8330000000001
      ],
      [
        1221.5,
        661.1669999999999
      ],
      [
        1237.5,
        662.5
      ],
      [
        1278.833,
        651.1669999999999
      ],
      [
        1303.5,
        611.1669999999999
      ],
      [
        1285.5,
        618.5
      ],
      [
        1298.5,
        582.5
      ],
      [
        1260.167,
        594.5
      ],
      [
        1254.167,
        576.5
      ],
      [
        1207.5,
        594.5
      ],
      [
        1220.167,
        623.1669999999999
      ],
      [
        1218.833,
        533.1669999999999
      ],
      [
        1264.167,
        543.1669999999999
      ],
      [
        1326.8329999999999,
        486.5
      ],
      [
        1343.5,
        501.167
      ],
      [
        1359.5,
        476.5
      ],
      [
        1411.5,
        462.5
      ],
      [
        1386.8329999999999,
        498.5
      ],
      [
        1363.5,
        541.1669999999999
      ],
      [
        1358.1670000000001,
        527.8330000000001
      ],
      [
        1402.8329999999999,
        546.5
      ],
      [
        1374.8329999999999,
        561.1669999999999
      ],
      [
        1356.8329999999999,
        589.1669999999999
      ],
      [
        1382.8329999999999,
        619.8330000000001
      ],
      [
        1357.5,
        635.8330000000001
      ],
      [
        1357.5,
        659.1669999999999
      ],
      [
        1349.5,
        690.5
      ],
      [
        1324.1670000000001,
        687.1669999999999
      ],
      [
        1317.5,
        705.1669999999999
      ],
      [
        1296.833,
        745.8330000000001
      ],
      [
        1294.167,
        774.5
      ],
      [
        1328.1670000000001,
        745.1669999999999
      ],
      [
        1324.1670000000001,
        765.8330000000001
      ],
      [
        1601.5,
        926.1669999999999
      ],
      [
        1618.5,
        882.5
      ],
      [
        1485.5,
        856.1669999999999
      ],
      [
        1454.8329999999999,
        866.8330000000001
      ],
      [
        1424.8329999999999,
        853.5
      ],
      [
        1537.5,
        902.8330000000001
      ],
      [
        1560.8329999999999,
        884.8330000000001
      ],
      [
        1580.1670000000001,
        859.5
      ],
      [
        1632.8329999999999,
        839.5
      ],
      [
        1636.8329999999999,
        800.8330000000001
      ],
      [
        1664.1670000000001,
        774.8330000000001
      ],
      [
        1614.8329999999999,
        775.5
      ],
      [
        1618.1670000000001,
        741.5
      ],
      [
        1612.8329999999999,
        733.5
      ],
      [
        1573.5,
        774.8330000000001
      ],
      [
        1548.8329999999999,
        799.5
      ],
      [
        1583.5,
        812.8330000000001
      ],
      [
        1523.5,
        832.8330000000001
      ],
      [
        1464.8329999999999,
        810.8330000000001
      ],
      [
        1468.1670000000001,
        770.8330000000001
      ],
      [
        1429.5,
        774.8330000000001
      ],
      [
        1436.1670000000001,
        748.1669999999999
      ],
      [
        1438.8329999999999,
        718.1669999999999
      ],
      [
        1418.8329999999999,
        710.1669999999999
      ],
      [
        1399.5,
        704.8330000000001
      ],
      [
        1396.8329999999999,
        688.8330000000001
      ],
      [
        1370.1670000000001,
        700.1669999999999
      ],
      [
        1357.5,
        740.1669999999999
      ],
      [
        1373.5,
        776.1669999999999
      ],
      [
        1375.5,
        798.1669999999999
      ],
      [
        1399.5,
        808.1669999999999
      ],
      [
        1338.8329999999999,
        793.5
      ],
      [
        1322.1670000000001,
        808.8330000000001
      ],
      [
        1335.5,
        823.5
      ],
      [
        1341.5,
        854.1669999999999
      ],
      [
        1659.5,
        674.1669999999999
      ],
      [
        1659.5,
        656.1669999999999
      ],
      [
        1612.8329999999999,
        636.8330000000001
      ],
      [
        1572.8329999999999,
        632.1669999999999
      ],
      [
        1550.1670000000001,
        637.5
      ],
      [
        1565.5,
        643.5
      ],
      [
        1589.5,
        645.5
      ],
      [
        1604.8329999999999,
        669.5
      ],
      [
        1582.8329999999999,
        683.5
      ],
      [
        1556.1670000000001,
        677.5
      ],
      [
        1515.5,
        678.1669999999999
      ],
      [
        1490.1670000000001,
        675.5
      ],
      [
        1479.5,
        694.1669999999999
      ],
      [
        1506.1670000000001,
        694.8330000000001
      ],
      [
        1495.5,
        728.1669999999999
      ],
      [
        1526.8329999999999,
        716.1669999999999
      ],
      [
        1546.8329999999999,
        706.8330000000001
      ],
      [
        1538.1670000000001,
        729.5
      ],
      [
        1554.8329999999999,
        740.8330000000001
      ],
      [
        1498.8329999999999,
        755.5
      ],
      [
        1497.5,
        634.8330000000001
      ],
      [
        1478.1670000000001,
        636.1669999999999
      ],
      [
        1450.1670000000001,
        634.8330000000001
      ],
      [
        1462.1670000000001,
        652.1669999999999
      ],
      [
        1460.1670000000001,
        599.5
      ],
      [
        1476.8329999999999,
        602.1669999999999
      ],
      [
        1512.1670000000001,
        578.8330000000001
      ],
      [
        1488.8329999999999,
        571.5
      ],
      [
        1588.1670000000001,
        564.8330000000001
      ],
      [
        1598.1670000000001,
        553.5
      ],
      [
        1639.5,
        598.1669999999999
      ],
      [
        1427.8329999999999,
        497.833
      ],
      [
        1480.5,
        480.5
      ],
      [
        1479.1670000000001,
        505.167
      ],
      [
        1470.5,
        523.8330000000001
      ],
      [
        1481.1670000000001,
        544.5
      ],
      [
        1457.1670000000001,
        553.1669999999999
      ],
      [
        1459.1670000000001,
        565.8330000000001
      ],
      [
        1429.1670000000001,
