{
  "file_name": "3_3_frame_5",
  "bb": [
    [
      965,
      139,
      650,
      650
    ],
    [
      460,
      296,
      676,
      676
    ]
  ],
  "valid_bb": [
    1,
    1
  ],
  "cell": [
    [
      [
        1258.0,
        253.0
      ],
      [
        1239.5,
        268.16700000000003
      ],
      [
        1209.5,
        253.5
      ],
      [
        1182.833,
        256.16700000000003
      ],
      [
        1167.5,
        273.5
      ],
      [
        1101.5,
        320.16700000000003
      ],
      [
        1119.5,
        367.5
      ],
      [
        1105.5,
        382.167
      ],
      [
        1078.167,
        402.833
      ],
      [
        1073.5,
        416.833
      ],
      [
        1044.167,
        478.833
      ],
      [
        1066.167,
        560.1669999999999
      ],
      [
        1074.833,
        548.1669999999999
      ],
      [
        1097.5,
        590.1669999999999
      ],
      [
        1116.167,
        604.8330000000001
      ],
      [
        1130.833,
        608.1669999999999
      ],
      [
        1140.833,
        560.1669999999999
      ],
      [
        1165.5,
        586.8330000000001
      ],
      [
        1158.833,
        617.5
      ],
      [
        1170.833,
        650.8330000000001
      ],
      [
        1112.167,
        672.1669999999999
      ],
      [
        1127.5,
        688.8330000000001
      ],
      [
        1196.833,
        340.833
      ],
      [
        1192.833,
        380.167
      ],
      [
        1175.5,
        412.167
      ],
      [
        1162.833,
        454.167
      ],
      [
        1172.833,
        490.833
      ],
      [
        1204.833,
        485.5
      ],
      [
        1192.167,
        471.5
      ],
      [
        1204.833,
        442.833
      ],
      [
        1232.833,
        460.833
      ],
      [
        1260.167,
        417.5
      ],
      [
        1213.5,
        396.167
      ],
      [
        1261.5,
        363.5
      ],
      [
        1272.833,
        322.83299999999997
      ],
      [
        1259.5,
        302.83299999999997
      ],
      [
        1333.5,
        274.83299999999997
      ],
      [
        1329.5,
        327.5
      ],
      [
        1335.5,
        346.167
      ],
      [
        1352.8329999999999,
        368.167
      ],
      [
        1363.5,
        388.833
      ],
      [
        1348.8329999999999,
        448.833
      ],
      [
        1354.1670000000001,
        429.5
      ],
      [
        1300.833,
        438.833
      ],
      [
        1296.833,
        477.5
      ],
      [
        1315.5,
        515.5
      ],
      [
        1343.5,
        498.167
      ],
      [
        1298.167,
        562.1669999999999
      ],
      [
        1256.833,
        565.5
      ],
      [
        1209.5,
        569.5
      ],
      [
        1201.5,
        555.5
      ],
      [
        1223.5,
        582.1669999999999
      ],
      [
        1239.5,
        604.1669999999999
      ],
      [
        1196.167,
        620.1669999999999
      ],
      [
        1211.5,
        651.5
      ],
      [
        1230.167,
        660.8330000000001
      ],
      [
        1207.5,
        743.5
      ],
      [
        1275.5,
        735.5
      ],
      [
        1322.8329999999999,
        714.1669999999999
      ],
      [
        1346.1670000000001,
        672.8330000000001
      ],
      [
        1289.5,
        670.8330000000001
      ],
      [
        1279.5,
        682.8330000000001
      ],
      [
        1266.167,
        634.1669999999999
      ],
      [
        1290.167,
        609.5
      ],
      [
        1322.8329999999999,
        630.1669999999999
      ],
      [
        1372.8329999999999,
        629.5
      ],
      [
        1408.8329999999999,
        656.1669999999999
      ],
      [
        1430.8329999999999,
        620.8330000000001
      ],
      [
        1492.8329999999999,
        638.1669999999999
      ],
      [
        1468.8329999999999,
        658.8330000000001
      ],
      [
        1523.5,
        596.1669999999999
      ],
      [
        1577.5,
        546.8330000000001
      ],
      [
        1551.8329999999999,
        527.8330000000001
      ],
      [
        1549.5,
        500.833
      ],
      [
        1554.8329999999999,
        420.167
      ],
      [
        1564.1670000000001,
        354.833
      ],
      [
        1534.8329999999999,
        332.833
      ],
      [
        1489.8329999999999,
        354.5
      ],
      [
        1516.1670000000001,
        392.167
      ],
      [
        1492.8329999999999,
        412.833
      ],
      [
        1456.8329999999999,
        400.833
      ],
      [
        1450.1670000000001,
        428.167
      ],
      [
        1414.1670000000001,
        440.167
      ],
      [
        1426.8329999999999,
        472.833
      ],
      [
        1474.8329999999999,
        461.5
      ],
      [
        1488.8329999999999,
        435.5
      ],
      [
        1503.5,
        489.5
      ],
      [
        1475.5,
        502.833
      ],
      [
        1450.1670000000001,
        522.8330000000001
      ],
      [
        1496.8329999999999,
        538.8330000000001
      ],
      [
        1470.8329999999999,
        560.5
      ],
      [
        1428.1670000000001,
        545.5
      ],
      [
        1467.5,
        578.8330000000001
      ],
      [
        1436.8329999999999,
        578.8330000000001
      ],
      [
        1391.5,
        560.1669999999999
      ],
      [
        1428.8329999999999,
        232.5
      ],
      [
        1308.167,
        235.167
      ],
      [
        1426.1670000000001,
        278.5
      ],
      [
        1440.8329999999999,
        273.83299999999997
      ],
      [
        1466.8329999999999,
        269.83299999999997
      ],
      [
        1446.1670000000001,
        315.16700000000003
      ],
      [
        1417.5,
        355.167
      ],
      [
        1418.1670000000001,
        369.833
      ],
      [
        1358.8329999999999,
        569.5
      ],
      [
        1373.1670000000001,
        555.1669999999999
      ],
      [
        1361.5,
        536.5
      ],
      [
        1386.8329999999999,
        514.1669999999999
      ],
      [
        1182.5,
        622.5
      ],
      [
        1181.833,
        308.16700000000003
      ],
      [
        1220.5,
        340.167
      ],
      [
        1231.833,
        389.5
      ],
      [
        1407.8329999999999,
        473.167
      ],
      [
        1455.1670000000001,
        548.8330000000001
      ],
      [
        1535.1670000000001,
        519.1669999999999
      ],
      [
        1354.8329999999999,
        344.167
      ],
      [
        1171.0,
        431.5
      ],
      [
        1240.0,
        618.5
      ],
      [
        1226.0,
        718.5
      ],
      [
        1232.0,
        506.0
      ]
    ],
    [
      [
        840.0,
        413.0
      ],
      [
        508.167,
        577.5
      ],
      [
        508.167,
        655.5
      ],
      [
        542.8330000000001,
        696.1669999999999
      ],
      [
        541.5,
        603.5
      ],
      [
        553.5,
        582.8330000000001
      ],
      [
        548.1669999999999,
        540.1669999999999
      ],
      [
        551.5,
        529.5
      ],
      [
        589.5,
        552.1669999999999
      ],
      [
        609.5,
        529.5
      ],
      [
        593.5,
        500.833
      ],
      [
        585.5,
        488.833
      ],
      [
        577.5,
        449.5
      ],
      [
        626.1669999999999,
        486.833
      ],
      [
        690.1669999999999,
        410.167
      ],
      [
        752.8330000000001,
        426.167
      ],
      [
        773.5,
        438.833
      ],
      [
        727.5,
        478.167
      ],
      [
