{
  "file_name": "3_3_frame_25",
  "bb": [
    [
      216,
      434,
      636,
      636
    ],
    [
      917,
      133,
      650,
      650
    ]
  ],
  "valid_bb": [
    1,
    1
  ],
  "cell": [
    [
      [
        584.0,
        490.0
      ],
      [
        603.5,
        503.5
      ],
      [
        632.8330000000001,
        538.1669999999999
      ],
      [
        664.8330000000001,
        562.5
      ],
      [
        714.5,
        562.5
      ],
      [
        751.5,
        627.5
      ],
      [
        700.5,
        648.5
      ],
      [
        691.5,
        670.5
      ],
      [
        736.5,
        664.5
      ],
      [
        675.5,
        701.5
      ],
      [
        655.5,
        729.5
      ],
      [
        673.5,
        731.5
      ],
      [
        613.5,
        724.5
      ],
      [
        600.5,
        698.5
      ],
      [
        585.5,
        713.5
      ],
      [
        585.5,
        731.5
      ],
      [
        587.5,
        757.5
      ],
      [
        559.5,
        782.5
      ],
      [
        545.5,
        741.5
      ],
      [
        519.5,
        721.5
      ],
      [
        498.5,
        724.5
      ],
      [
        493.5,
        771.8330000000001
      ],
      [
        665.5,
        791.1669999999999
      ],
      [
        716.1669999999999,
        739.8330000000001
      ],
      [
        750.8330000000001,
        754.5
      ],
      [
        737.5,
        777.8330000000001
      ],
      [
        792.1669999999999,
        794.5
      ],
      [
        724.8330000000001,
        849.8330000000001
      ],
      [
        747.5,
        865.8330000000001
      ],
      [
        718.8330000000001,
        879.8330000000001
      ],
      [
        710.8330000000001,
        890.5
      ],
      [
        714.1669999999999,
        915.1669999999999
      ],
      [
        726.1669999999999,
        909.1669999999999
      ],
      [
        753.5,
        911.1669999999999
      ],
      [
        754.1669999999999,
        931.1669999999999
      ],
      [
        681.5,
        923.8330000000001
      ],
      [
        650.8330000000001,
        966.5
      ],
      [
        638.8330000000001,
        952.5
      ],
      [
        622.8330000000001,
        920.5
      ],
      [
        647.5,
        896.5
      ],
      [
        678.1669999999999,
        863.8330000000001
      ],
      [
        661.5,
        836.5
      ],
      [
        618.8330000000001,
        855.1669999999999
      ],
      [
        602.1669999999999,
        836.5
      ],
      [
        592.1669999999999,
        850.5
      ],
      [
        582.1669999999999,
        813.1669999999999
      ],
      [
        630.8330000000001,
        787.8330000000001
      ],
      [
        683.5,
        574.5
      ],
      [
        615.5,
        605.1669999999999
      ],
      [
        614.8330000000001,
        562.5
      ],
      [
        584.8330000000001,
        539.8330000000001
      ],
      [
        592.8330000000001,
        558.5
      ],
      [
        601.5,
        571.8330000000001
      ],
      [
        561.5,
        579.8330000000001
      ],
      [
        588.1669999999999,
        586.5
      ],
      [
        642.8330000000001,
        632.5
      ],
      [
        618.8330000000001,
        649.8330000000001
      ],
      [
        599.5,
        669.1669999999999
      ],
      [
        580.8330000000001,
        678.5
      ],
      [
        636.8330000000001,
        677.8330000000001
      ],
      [
        663.5,
        655.8330000000001
      ],
      [
        663.5,
        674.5
      ],
      [
        557.5,
        606.5
      ],
      [
        540.1669999999999,
        629.8330000000001
      ],
      [
        516.1669999999999,
        614.5
      ],
      [
        492.167,
        637.1669999999999
      ],
      [
        487.5,
        625.8330000000001
      ],
      [
        470.833,
        635.8330000000001
      ],
      [
        464.833,
        611.8330000000001
      ],
      [
        474.167,
        590.5
      ],
      [
        506.167,
        577.1669999999999
      ],
      [
        476.833,
        548.5
      ],
      [
        498.833,
        517.1669999999999
      ],
      [
        434.167,
        551.1669999999999
      ],
      [
        410.833,
        545.8330000000001
      ],
      [
        400.833,
        528.5
      ],
      [
        334.167,
        572.5
      ],
      [
        409.5,
        578.5
      ],
      [
        372.167,
        619.8330000000001
      ],
      [
        404.167,
        589.1669999999999
      ],
      [
        343.5,
        633.1669999999999
      ],
      [
        317.5,
        676.5
      ],
      [
        258.83299999999997,
        717.1669999999999
      ],
      [
        253.5,
        745.1669999999999
      ],
      [
        282.83299999999997,
        736.5
      ],
      [
        290.16700000000003,
        781.8330000000001
      ],
      [
        328.167,
        727.8330000000001
      ],
      [
        322.83299999999997,
        709.8330000000001
      ],
      [
        372.167,
        723.1669999999999
      ],
      [
        372.167,
        693.8330000000001
      ],
      [
        386.833,
        671.8330000000001
      ],
      [
        390.833,
        653.8330000000001
      ],
      [
        419.5,
        672.5
      ],
      [
        450.833,
        705.8330000000001
      ],
      [
        450.833,
        732.5
      ],
      [
        432.167,
        769.8330000000001
      ],
      [
        466.833,
        771.1669999999999
      ],
      [
        466.833,
        813.8330000000001
      ],
      [
        485.5,
        815.1669999999999
      ],
      [
        473.5,
        847.8330000000001
      ],
      [
        461.5,
        858.5
      ],
      [
        533.5,
        845.1669999999999
      ],
      [
        440.167,
        996.5
      ],
      [
        529.5,
        1025.167
      ],
      [
        528.8330000000001,
        967.1669999999999
      ],
      [
        592.8330000000001,
        984.5
      ],
      [
        589.5,
        955.8330000000001
      ],
      [
        544.1669999999999,
        930.5
      ],
      [
        581.5,
        905.1669999999999
      ],
      [
        566.8330000000001,
        920.5
      ],
      [
        569.5,
        877.1669999999999
      ],
      [
        540.8330000000001,
        879.1669999999999
      ],
      [
        516.8330000000001,
        869.1669999999999
      ],
      [
        534.1669999999999,
        824.5
      ],
      [
        505.5,
        899.8330000000001
      ],
      [
        476.167,
        904.5
      ],
      [
        468.167,
        949.1669999999999
      ],
      [
        440.833,
        930.5
      ],
      [
        409.5,
        891.1669999999999
      ],
      [
        402.167,
        872.5
      ],
      [
        422.167,
        834.5
      ],
      [
        386.167,
        823.1669999999999
      ],
      [
        394.167,
        805.8330000000001
      ],
      [
        424.833,
        808.5
      ],
      [
        381.5,
        849.8330000000001
      ],
      [
        337.5,
        819.1669999999999
      ],
      [
        352.167,
        830.5
      ],
      [
        356.167,
        800.5
      ],
      [
        322.83299999999997,
        781.1669999999999
      ],
      [
        360.167,
        770.5
      ],
      [
        348.833,
        758.5
      ],
      [
        308.16700000000003,
        902.5
      ],
      [
        341.5,
        879.1669999999999
      ],
      [
        366.833,
        881.8330000000001
      ],
      [
        358.167,
        861.8330000000001
      ],
      [
        340.833,
        860.5
      ],
      [
        409.5,
        896.5
      ],
      [
        392.833,
