{
  "file_name": "3_3_frame_21",
  "bb": [
    [
      797,
      75,
      610,
      610
    ],
    [
      131,
      341,
      610,
      610
    ]
  ],
  "valid_bb": [
    1,
    1
  ],
  "cell": [
    [
      [
        936.8330000000001,
        192.167
      ],
      [
        957.5,
        196.833
      ],
      [
        987.5,
        204.167
      ],
      [
        978.1669999999999,
        176.833
      ],
      [
        1008.8330000000001,
        161.5
      ],
      [
        1006.1669999999999,
        132.167
      ],
      [
        1053.5,
        130.167
      ],
      [
        1090.167,
        170.833
      ],
      [
        1159.5,
        131.5
      ],
      [
        1224.167,
        130.833
      ],
      [
        1225.5,
        180.833
      ],
      [
        1240.833,
        181.5
      ],
      [
        1256.167,
        200.833
      ],
      [
        1224.833,
        214.167
      ],
      [
        1228.167,
        252.167
      ],
      [
        1201.5,
        273.5
      ],
      [
        1179.5,
        263.5
      ],
      [
        1174.167,
        279.5
      ],
      [
        1180.167,
        306.16700000000003
      ],
      [
        1210.167,
        324.16700000000003
      ],
      [
        1233.5,
        290.83299999999997
      ],
      [
        1314.8329999999999,
        304.16700000000003
      ],
      [
        1356.1670000000001,
        252.167
      ],
      [
        1324.8329999999999,
        238.833
      ],
      [
        1302.167,
        208.167
      ],
      [
        1309.5,
        180.167
      ],
      [
        1164.833,
        216.833
      ],
      [
        1179.5,
        186.167
      ],
      [
        1128.833,
        245.5
      ],
      [
        1123.5,
        286.16700000000003
      ],
      [
        1090.833,
        254.833
      ],
      [
        1062.833,
        216.167
      ],
      [
        1084.167,
        219.5
      ],
      [
        1024.167,
        237.5
      ],
      [
        1010.8330000000001,
        272.83299999999997
      ],
      [
        984.1669999999999,
        263.5
      ],
      [
        944.8330000000001,
        291.5
      ],
      [
        940.8330000000001,
        268.16700000000003
      ],
      [
        917.5,
        298.83299999999997
      ],
      [
        906.8330000000001,
        326.16700000000003
      ],
      [
        932.8330000000001,
        322.83299999999997
      ],
      [
        889.5,
        266.83299999999997
      ],
      [
        842.8330000000001,
        384.167
      ],
      [
        856.0,
        403.0
      ],
      [
        830.8330000000001,
        429.5
      ],
      [
        871.5,
        292.83299999999997
      ],
      [
        889.5,
        298.16700000000003
      ],
      [
        994.8330000000001,
        306.16700000000003
      ],
      [
        964.1669999999999,
        295.5
      ],
      [
        963.5,
        308.16700000000003
      ],
      [
        972.8330000000001,
        340.833
      ],
      [
        1008.1669999999999,
        356.167
      ],
      [
        1013.5,
        380.833
      ],
      [
        977.5,
        390.167
      ],
      [
        932.1669999999999,
        385.5
      ],
      [
        920.1669999999999,
        379.5
      ],
      [
        908.8330000000001,
        462.833
      ],
      [
        933.5,
        453.5
      ],
      [
        919.5,
        484.833
      ],
      [
        904.8330000000001,
        520.8330000000001
      ],
      [
        881.0,
        502.0
      ],
      [
        953.5,
        474.833
      ],
      [
        969.5,
        513.5
      ],
      [
        989.5,
        501.5
      ],
      [
        1000.1669999999999,
        534.8330000000001
      ],
      [
        1074.833,
        532.8330000000001
      ],
      [
        1102.833,
        521.5
      ],
      [
        1121.0,
        537.5
      ],
      [
        1066.833,
        463.5
      ],
      [
        1066.0,
        414.0
      ],
      [
        1089.5,
        404.167
      ],
      [
        1098.833,
        418.167
      ],
      [
        1100.167,
        391.5
      ],
      [
        1112.167,
        396.167
      ],
      [
        1140.833,
        405.5
      ],
      [
        1165.0,
        409.5
      ],
      [
        1142.833,
        381.5
      ],
      [
        1174.833,
        376.167
      ],
      [
        1211.5,
        370.833
      ],
      [
        1250.167,
        395.5
      ],
      [
        1214.167,
        433.5
      ],
      [
        1228.0,
        417.5
      ],
      [
        1216.5,
        471.0
      ],
      [
        1194.167,
        478.833
      ],
      [
        1268.833,
        431.5
      ],
      [
        1286.833,
        384.167
      ],
      [
        1315.5,
        394.833
      ],
      [
        1358.1670000000001,
        370.167
      ],
      [
        1345.5,
        448.833
      ],
      [
        1318.8329999999999,
        473.5
      ],
      [
        1283.5,
        499.5
      ],
      [
        961.5,
        528.1669999999999
      ],
      [
        950.0,
        574.5
      ],
      [
        972.0,
        564.0
      ],
      [
        974.0,
        589.0
      ],
      [
        997.0,
        579.5
      ],
      [
        1015.0,
        580.5
      ],
      [
        1037.0,
        581.0
      ],
      [
        1064.5,
        558.5
      ],
      [
        1083.0,
        556.0
      ],
      [
        1104.5,
        566.0
      ],
      [
        1090.0,
        590.0
      ],
      [
        1071.5,
        588.0
      ],
      [
        1052.0,
        616.0
      ],
      [
        1014.0,
        628.0
      ],
      [
        1153.5,
        576.5
      ],
      [
        1191.5,
        605.0
      ],
      [
        1202.5,
        537.5
      ],
      [
        1225.0,
        542.5
      ],
      [
        1231.5,
        506.5
      ],
      [
        1256.5,
        512.5
      ],
      [
        1290.0,
        522.0
      ],
      [
        1294.5,
        444.0
      ],
      [
        1226.0,
        433.0
      ]
    ],
    [
      [
        373.0,
        908.0
      ],
      [
        359.5,
        865.5
      ],
      [
        388.167,
        844.8330000000001
      ],
      [
        370.167,
        826.8330000000001
      ],
      [
        411.5,
        849.5
      ],
      [
        442.833,
        818.1669999999999
      ],
      [
        445.5,
        840.8330000000001
      ],
      [
        484.833,
        854.8330000000001
      ],
      [
        480.167,
        874.1669999999999
      ],
      [
        488.167,
        900.1669999999999
      ],
      [
        518.1669999999999,
        882.8330000000001
      ],
      [
        538.1669999999999,
        856.1669999999999
      ],
      [
        553.5,
        856.8330000000001
      ],
      [
        575.5,
        866.1669999999999
      ],
      [
        641.5,
        811.5
      ],
      [
        461.0,
        828.0
      ],
      [
        586.0,
        794.5
      ],
      [
        563.0,
        777.5
      ],
      [
        522.5,
        784.0
      ],
      [
        528.0,
        737.5
      ],
      [
        543.0,
        745.0
      ],
      [
        570.5,
        742.5
      ],
      [
        591.5,
        767.5
      ],
      [
        636.0,
        751.0
      ],
      [
        620.0,
        723.5
      ],
      [
        577.5,
        718.5
      ],
      [
        557.5,
        712.0
      ],
      [
        528.0,
        706.5
      ],
      [
        497.0,
        692.5
      ],
      [
        518.0,
        672.5
      ],
      [
        571.0,
        675.5
      ],
      [
        561.5,
        648.0
      ],
      [
        583.5,
        641.0
      ],
      [
        581.5,
        666.0
      ],
      [
        606.5,
