{
  "file_name": "3_3_frame_30",
  "bb": [
    [
      956,
      128,
      620,
      620
    ],
    [
      344,
      280,
      620,
      620
    ]
  ],
  "valid_bb": [
    1,
    1
  ],
  "cell": [
    [
      [
        1293.0,
        159.0
      ],
      [
        1317.0,
        216.5
      ],
      [
        1307.5,
        205.0
      ],
      [
        1318.5,
        190.5
      ],
      [
        1360.5,
        183.5
      ],
      [
        1361.5,
        214.5
      ],
      [
        1356.5,
        184.5
      ],
      [
        1388.5,
        222.5
      ],
      [
        1363.5,
        233.5
      ],
      [
        1418.5,
        286.5
      ],
      [
        1208.167,
        176.167
      ],
      [
        1222.833,
        197.5
      ],
      [
        1164.167,
        198.833
      ],
      [
        1164.167,
        212.167
      ],
      [
        1084.167,
        240.833
      ],
      [
        1083.5,
        265.5
      ],
      [
        1072.167,
        330.167
      ],
      [
        1042.833,
        394.833
      ],
      [
        1054.833,
        371.5
      ],
      [
        1076.167,
        370.833
      ],
      [
        1070.167,
        416.833
      ],
      [
        1090.833,
        394.833
      ],
      [
        1102.167,
        415.5
      ],
      [
        1107.5,
        390.833
      ],
      [
        1112.833,
        363.5
      ],
      [
        1158.833,
        332.167
      ],
      [
        1162.833,
        346.167
      ],
      [
        1138.167,
        311.5
      ],
      [
        1151.5,
        263.5
      ],
      [
        1212.167,
        274.83299999999997
      ],
      [
        1200.167,
        279.5
      ],
      [
        1200.167,
        322.83299999999997
      ],
      [
        1210.833,
        346.833
      ],
      [
        1254.833,
        334.833
      ],
      [
        1284.167,
        316.16700000000003
      ],
      [
        1262.833,
        301.5
      ],
      [
        1289.5,
        267.5
      ],
      [
        1290.833,
        286.16700000000003
      ],
      [
        1316.1670000000001,
        282.83299999999997
      ],
      [
        1234.833,
        227.5
      ],
      [
        1272.167,
        216.167
      ],
      [
        1400.1670000000001,
        244.833
      ],
      [
        1363.5,
        257.5
      ],
      [
        1390.8329999999999,
        260.16700000000003
      ],
      [
        1391.5,
        280.83299999999997
      ],
      [
        1377.5,
        302.83299999999997
      ],
      [
        1358.1670000000001,
        284.16700000000003
      ],
      [
        1352.8329999999999,
        302.83299999999997
      ],
      [
        1332.8329999999999,
        313.5
      ],
      [
        1312.1670000000001,
        319.5
      ],
      [
        1344.5,
        357.0
      ],
      [
        1319.5,
        395.5
      ],
      [
        1389.5,
        402.833
      ],
      [
        1395.5,
        376.833
      ],
      [
        1402.1670000000001,
        318.83299999999997
      ],
      [
        1434.8329999999999,
        325.5
      ],
      [
        1472.0,
        350.5
      ],
      [
        1465.5,
        372.167
      ],
      [
        1439.5,
        361.5
      ],
      [
        1514.8329999999999,
        375.5
      ],
      [
        1522.8329999999999,
        333.5
      ],
      [
        1490.8329999999999,
        432.833
      ],
      [
        1436.8329999999999,
        398.167
      ],
      [
        1417.5,
        384.167
      ],
      [
        1408.8329999999999,
        416.167
      ],
      [
        1399.5,
        433.5
      ],
      [
        1432.8329999999999,
        432.167
      ],
      [
        1415.5,
        462.833
      ],
      [
        1372.8329999999999,
        455.5
      ],
      [
        1356.1670000000001,
        468.833
      ],
      [
        1381.5,
        486.167
      ],
      [
        1332.8329999999999,
        450.833
      ],
      [
        1306.833,
        434.167
      ],
      [
        1281.5,
        439.5
      ],
      [
        1296.833,
        468.833
      ],
      [
        1300.167,
        476.833
      ],
      [
        1253.5,
        472.167
      ],
      [
        1184.833,
        472.833
      ],
      [
        1130.833,
        450.833
      ],
      [
        1092.833,
        470.833
      ],
      [
        1050.833,
        472.167
      ],
      [
        1092.167,
        533.5
      ],
      [
        1094.833,
        557.5
      ],
      [
        1075.0,
        574.5
      ],
      [
        1092.833,
        586.8330000000001
      ],
      [
        1080.833,
        607.5
      ],
      [
        1084.833,
        622.8330000000001
      ],
      [
        1046.833,
        629.5
      ],
      [
        1109.5,
        620.8330000000001
      ],
      [
        1138.833,
        603.5
      ],
      [
        1132.167,
        576.8330000000001
      ],
      [
        1126.167,
        633.5
      ],
      [
        1145.5,
        626.8330000000001
      ],
      [
        1188.167,
        637.5
      ],
      [
        1204.833,
        633.5
      ],
      [
        1208.167,
        653.5
      ],
      [
        1242.833,
        687.5
      ],
      [
        1269.5,
        625.5
      ],
      [
        1251.0,
        573.0
      ],
      [
        1230.833,
        536.8330000000001
      ],
      [
        1214.167,
        518.1669999999999
      ],
      [
        1191.5,
        520.8330000000001
      ],
      [
        1172.167,
        520.8330000000001
      ],
      [
        1179.5,
        506.167
      ],
      [
        1234.167,
        506.167
      ],
      [
        1255.5,
        538.1669999999999
      ],
      [
        1283.5,
        549.5
      ],
      [
        1278.833,
        516.1669999999999
      ],
      [
        1286.167,
        534.1669999999999
      ],
      [
        1318.8329999999999,
        544.1669999999999
      ],
      [
        1348.1670000000001,
        558.1669999999999
      ],
      [
        1340.8329999999999,
        593.5
      ],
      [
        1382.1670000000001,
        613.5
      ],
      [
        1373.5,
        602.8330000000001
      ],
      [
        1378.8329999999999,
        658.1669999999999
      ],
      [
        1429.5,
        650.1669999999999
      ],
      [
        1486.8329999999999,
        534.8330000000001
      ],
      [
        1473.5,
        518.8330000000001
      ],
      [
        1530.1670000000001,
        508.833
      ],
      [
        1406.8329999999999,
        544.1669999999999
      ],
      [
        1404.8329999999999,
        525.5
      ],
      [
        1364.8329999999999,
        508.167
      ],
      [
        1275.5,
        369.833
      ],
      [
        1098.5,
        491.5
      ],
      [
        1349.5,
        374.0
      ],
      [
        1109.0,
        559.5
      ],
      [
        1111.0,
        596.0
      ]
    ],
    [
      [
        605.0,
        846.0
      ],
      [
        554.5,
        830.8330000000001
      ],
      [
        503.167,
        813.5
      ],
      [
        495.833,
        763.5
      ],
      [
        494.5,
        754.1669999999999
      ],
      [
        481.167,
        690.8330000000001
      ],
      [
        501.167,
        669.5
      ],
      [
        541.1669999999999,
        636.8330000000001
      ],
      [
        545.8330000000001,
        691.5
      ],
      [
        526.5,
        699.5
      ],
      [
        560.5,
        722.1669999999999
      ],
      [
        583.1669999999999,
        746.8330000000001
      ],
      [
        595.8330000000001,
        806.8330000000001
      ],
      [
        635.1669999999999,
        804.1669999999999
      ],
      [
        653.8330000000001,
        786.1669999999999
      ],
      [
