{
  "file_name": "3_3_frame_9",
  "bb": [
    [
      1034,
      36,
      620,
      620
    ],
    [
      326,
      290,
      636,
      636
    ]
  ],
  "valid_bb": [
    1,
    1
  ],
  "cell": [
    [
      [
        1350.0,
        73.0
      ],
      [
        1379.1670000000001,
        101.5
      ],
      [
        1349.8329999999999,
        106.833
      ],
      [
        1331.8329999999999,
        120.167
      ],
      [
        1298.5,
        129.5
      ],
      [
        1278.5,
        143.5
      ],
      [
        1265.167,
        116.167
      ],
      [
        1255.833,
        90.167
      ],
      [
        1225.833,
        148.833
      ],
      [
        1180.5,
        172.833
      ],
      [
        1149.167,
        176.833
      ],
      [
        1476.5,
        105.5
      ],
      [
        1453.1670000000001,
        140.167
      ],
      [
        1473.8329999999999,
        136.833
      ],
      [
        1479.1670000000001,
        154.833
      ],
      [
        1506.5,
        171.5
      ],
      [
        1521.8329999999999,
        188.167
      ],
      [
        1551.1670000000001,
        155.5
      ],
      [
        1490.5,
        200.833
      ],
      [
        1503.8329999999999,
        208.167
      ],
      [
        1477.8329999999999,
        232.833
      ],
      [
        1501.8329999999999,
        236.833
      ],
      [
        1497.8329999999999,
        268.83299999999997
      ],
      [
        1534.5,
        270.83299999999997
      ],
      [
        1567.8329999999999,
        263.5
      ],
      [
        1591.1670000000001,
        236.167
      ],
      [
        1582.5,
        286.83299999999997
      ],
      [
        1581.8329999999999,
        314.16700000000003
      ],
      [
        1559.1670000000001,
        346.833
      ],
      [
        1583.1670000000001,
        376.167
      ],
      [
        1556.5,
        403.5
      ],
      [
        1597.1670000000001,
        412.167
      ],
      [
        1557.1670000000001,
        447.5
      ],
      [
        1575.1670000000001,
        472.167
      ],
      [
        1550.5,
        498.167
      ],
      [
        1528.5,
        484.167
      ],
      [
        1510.5,
        506.167
      ],
      [
        1519.8329999999999,
        445.5
      ],
      [
        1453.1670000000001,
        493.5
      ],
      [
        1470.5,
        521.5
      ],
      [
        1435.8329999999999,
        512.8330000000001
      ],
      [
        1392.5,
        504.167
      ],
      [
        1335.1670000000001,
        480.833
      ],
      [
        1309.0,
        460.5
      ],
      [
        1139.833,
        243.5
      ],
      [
        1135.167,
        265.5
      ],
      [
        1095.833,
        257.5
      ],
      [
        1122.5,
        329.5
      ],
      [
        1149.167,
        328.167
      ],
      [
        1084.5,
        420.833
      ],
      [
        1101.833,
        448.833
      ],
      [
        1120.5,
        420.833
      ],
      [
        1125.833,
        499.5
      ],
      [
        1157.833,
        534.8330000000001
      ],
      [
        1185.167,
        529.5
      ],
      [
        1222.5,
        526.1669999999999
      ],
      [
        1171.167,
        496.167
      ],
      [
        1171.167,
        443.5
      ],
      [
        1218.5,
        421.5
      ],
      [
        1207.167,
        420.833
      ],
      [
        1245.5,
        424.0
      ],
      [
        1230.5,
        398.167
      ],
      [
        1260.5,
        384.833
      ],
      [
        1296.5,
        357.5
      ],
      [
        1273.167,
        365.5
      ],
      [
        1239.833,
        337.5
      ],
      [
        1205.833,
        306.83299999999997
      ],
      [
        1227.167,
        331.5
      ],
      [
        1195.0,
        271.0
      ],
      [
        1169.167,
        262.16700000000003
      ],
      [
        1177.833,
        241.5
      ],
      [
        1236.5,
        286.5
      ],
      [
        1260.5,
        242.167
      ],
      [
        1237.0,
        222.5
      ],
      [
        1237.833,
        207.5
      ],
      [
        1315.8329999999999,
        186.167
      ],
      [
        1331.1670000000001,
        154.167
      ],
      [
        1365.8329999999999,
        191.5
      ],
      [
        1349.1670000000001,
        208.833
      ],
      [
        1362.5,
        217.5
      ],
      [
        1411.1670000000001,
        194.167
      ],
      [
        1395.1670000000001,
        230.833
      ],
      [
        1438.5,
        200.167
      ],
      [
        1435.5,
        234.0
      ],
      [
        1433.1670000000001,
        257.5
      ],
      [
        1436.5,
        297.5
      ],
      [
        1395.1670000000001,
        340.167
      ],
      [
        1342.1670000000001,
        322.16700000000003
      ],
      [
        1342.5,
        307.5
      ],
      [
        1315.8329999999999,
        298.16700000000003
      ],
      [
        1320.1670000000001,
        270.83299999999997
      ],
      [
        1305.167,
        239.5
      ],
      [
        1281.833,
        263.5
      ],
      [
        1333.8329999999999,
        396.833
      ],
      [
        1331.1670000000001,
        424.167
      ],
      [
        1363.1670000000001,
        410.167
      ],
      [
        1390.5,
        433.5
      ],
      [
        1493.8329999999999,
        339.5
      ],
      [
        1471.8329999999999,
        383.5
      ],
      [
        1500.5,
        403.5
      ],
      [
        1484.5,
        422.833
      ],
      [
        1441.1670000000001,
        432.167
      ],
      [
        1407.8329999999999,
        425.5
      ],
      [
        1426.5,
        388.167
      ],
      [
        1402.5,
        371.5
      ],
      [
        1225.167,
        475.5
      ],
      [
        1231.167,
        506.167
      ],
      [
        1263.833,
        482.167
      ],
      [
        1262.5,
        532.1669999999999
      ],
      [
        1319.1670000000001,
        533.5
      ],
      [
        1304.5,
        538.8330000000001
      ],
      [
        1521.1670000000001,
        386.167
      ],
      [
        1199.5,
        560.1669999999999
      ],
      [
        1228.833,
        552.1669999999999
      ],
      [
        1223.5,
        590.8330000000001
      ],
      [
        1246.833,
        563.1669999999999
      ],
      [
        1254.5,
        601.8330000000001
      ],
      [
        1281.5,
        602.1669999999999
      ],
      [
        1303.5,
        578.1669999999999
      ],
      [
        1344.1670000000001,
        568.8330000000001
      ],
      [
        1346.1670000000001,
        597.5
      ],
      [
        1336.1670000000001,
        613.5
      ],
      [
        1363.5,
        577.5
      ],
      [
        1375.5,
        609.5
      ],
      [
        1395.5,
        584.1669999999999
      ],
      [
        1368.8329999999999,
        479.5
      ],
      [
        1380.1670000000001,
        374.833
      ],
      [
        1330.8329999999999,
        334.833
      ],
      [
        1321.5,
        578.0
      ],
      [
        1259.167,
        582.5
      ],
      [
        1210.0,
        291.5
      ],
      [
        1477.0,
        221.5
      ],
      [
        1380.5,
        205.0
      ],
      [
        1312.0,
        443.0
      ],
      [
        1283.5,
        498.0
      ],
      [
        1254.0,
        276.0
      ]
    ],
    [
      [
        517.0,
        358.0
      ],
      [
        497.5,
        371.5
      ],
      [
        464.167,
        370.167
      ],
      [
        462.833,
        401.5
      ],
      [
        454.167,
        432.833
      ],
      [
        414.167,
        438.167
      ],
      [
        427.5,
        468.167
      ],
