{
  "file_name": "3_3_frame_27",
  "bb": [
    [
      33,
      143,
      650,
      650
    ],
    [
      812,
      426,
      636,
      636
    ]
  ],
  "valid_bb": [
    1,
    1
  ],
  "cell": [
    [
      [
        209.0,
        706.0
      ],
      [
        217.5,
        678.8330000000001
      ],
      [
        152.833,
        634.8330000000001
      ],
      [
        212.833,
        622.1669999999999
      ],
      [
        236.833,
        626.1669999999999
      ],
      [
        237.5,
        644.8330000000001
      ],
      [
        261.5,
        628.1669999999999
      ],
      [
        288.83299999999997,
        632.8330000000001
      ],
      [
        297.5,
        674.8330000000001
      ],
      [
        326.16700000000003,
        706.8330000000001
      ],
      [
        354.833,
        682.8330000000001
      ],
      [
        350.167,
        710.1669999999999
      ],
      [
        343.5,
        737.5
      ],
      [
        374.167,
        718.1669999999999
      ],
      [
        354.833,
        635.8330000000001
      ],
      [
        373.5,
        642.5
      ],
      [
        392.833,
        649.1669999999999
      ],
      [
        394.167,
        623.8330000000001
      ],
      [
        379.5,
        590.5
      ],
      [
        382.167,
        571.1669999999999
      ],
      [
        442.833,
        561.8330000000001
      ],
      [
        464.833,
        570.5
      ],
      [
        422.833,
        522.5
      ],
      [
        448.167,
        599.1669999999999
      ],
      [
        431.5,
        607.8330000000001
      ],
      [
        428.167,
        626.5
      ],
      [
        420.167,
        654.5
      ],
      [
        468.833,
        640.5
      ],
      [
        498.167,
        671.1669999999999
      ],
      [
        500.833,
        644.5
      ],
      [
        523.5,
        659.1669999999999
      ],
      [
        537.5,
        619.8330000000001
      ],
      [
        528.1669999999999,
        591.8330000000001
      ],
      [
        506.167,
        577.8330000000001
      ],
      [
        510.167,
        546.5
      ],
      [
        541.5,
        527.8330000000001
      ],
      [
        560.1669999999999,
        536.5
      ],
      [
        568.8330000000001,
        576.5
      ],
      [
        582.1669999999999,
        552.5
      ],
      [
        584.8330000000001,
        508.5
      ],
      [
        570.1669999999999,
        469.167
      ],
      [
        620.1669999999999,
        463.167
      ],
      [
        567.5,
        356.5
      ],
      [
        567.5,
        326.5
      ],
      [
        516.8330000000001,
        297.16700000000003
      ],
      [
        494.833,
        319.83299999999997
      ],
      [
        492.833,
        293.16700000000003
      ],
      [
        480.833,
        275.83299999999997
      ],
      [
        440.833,
        279.16700000000003
      ],
      [
        450.833,
        293.83299999999997
      ],
      [
        399.5,
        298.5
      ],
      [
        420.833,
        329.833
      ],
      [
        468.833,
        339.833
      ],
      [
        442.167,
        368.5
      ],
      [
        419.5,
        391.167
      ],
      [
        411.5,
        469.167
      ],
      [
        474.167,
        456.5
      ],
      [
        481.5,
        491.167
      ],
      [
        494.833,
        421.833
      ],
      [
        381.5,
        415.833
      ],
      [
        349.5,
        437.167
      ],
      [
        368.833,
        433.167
      ],
      [
        363.5,
        391.833
      ],
      [
        343.5,
        371.167
      ],
      [
        341.5,
        354.5
      ],
      [
        340.167,
        329.167
      ],
      [
        309.5,
        339.833
      ],
      [
        300.16700000000003,
        306.5
      ],
      [
        320.83299999999997,
        274.5
      ],
      [
        328.833,
        307.83299999999997
      ],
      [
        351.5,
        293.83299999999997
      ],
      [
        358.833,
        249.167
      ],
      [
        383.5,
        251.833
      ],
      [
        371.5,
        272.5
      ],
      [
        216.167,
        582.5
      ],
      [
        216.167,
        561.8330000000001
      ],
      [
        193.5,
        554.5
      ],
      [
        137.5,
        537.8330000000001
      ],
      [
        101.5,
        492.5
      ],
      [
        83.5,
        471.833
      ],
      [
        98.833,
        424.5
      ],
      [
        80.167,
        399.167
      ],
      [
        108.833,
        394.5
      ],
      [
        125.5,
        315.83299999999997
      ],
      [
        107.5,
        343.167
      ],
      [
        100.833,
        369.833
      ],
      [
        122.167,
        380.5
      ],
      [
        217.5,
        405.833
      ],
      [
        234.167,
        397.833
      ],
      [
        226.833,
        431.833
      ],
      [
        218.167,
        479.167
      ],
      [
        198.833,
        459.833
      ],
      [
        175.5,
        483.167
      ],
      [
        182.167,
        476.5
      ],
      [
        163.5,
        402.5
      ],
      [
        259.5,
        392.5
      ],
      [
        244.833,
        366.5
      ],
      [
        214.833,
        357.167
      ],
      [
        184.167,
        337.833
      ],
      [
        199.5,
        328.5
      ],
      [
        213.5,
        273.16700000000003
      ],
      [
        224.833,
        255.167
      ],
      [
        245.5,
        239.167
      ],
      [
        270.16700000000003,
        243.167
      ],
      [
        279.5,
        275.83299999999997
      ],
      [
        238.167,
        289.16700000000003
      ],
      [
        240.833,
        328.5
      ],
      [
        264.16700000000003,
        312.5
      ],
      [
        285.5,
        435.833
      ],
      [
        310.16700000000003,
        445.833
      ],
      [
        339.5,
        403.167
      ],
      [
        256.16700000000003,
        468.5
      ],
      [
        258.83299999999997,
        503.167
      ],
      [
        302.83299999999997,
        492.5
      ],
      [
        312.16700000000003,
        512.5
      ],
      [
        324.83299999999997,
        497.833
      ],
      [
        348.833,
        513.8330000000001
      ],
      [
        354.833,
        495.167
      ],
      [
        287.5,
        544.5
      ],
      [
        260.83299999999997,
        545.8330000000001
      ],
      [
        291.5,
        569.1669999999999
      ],
      [
        199.5,
        245.5
      ],
      [
        324.0,
        227.5
      ],
      [
        357.0,
        202.5
      ],
      [
        385.0,
        193.0
      ],
      [
        389.0,
        225.5
      ],
      [
        516.5,
        316.5
      ]
    ],
    [
      [
        1131.0,
        494.0
      ],
      [
        1169.5,
        496.833
      ],
      [
        1222.833,
        520.8330000000001
      ],
      [
        1277.5,
        541.5
      ],
      [
        1240.833,
        557.5
      ],
      [
        1205.5,
        545.5
      ],
      [
        1186.167,
        548.1669999999999
      ],
      [
        1116.167,
        588.1669999999999
      ],
      [
        1128.167,
        553.5
      ],
      [
        1146.833,
        528.1669999999999
      ],
      [
        1164.167,
        574.1669999999999
      ],
      [
        1190.167,
        582.1669999999999
      ],
      [
        1202.833,
        604.8330000000001
      ],
      [
        1184.833,
        618.5
      ],
      [
        1209.5,
        638.1669999999999
      ],
      [
        1168.833,
        628.8330000000001
      ],
      [
        1171.5,
        644.1669999999999
      ],
      [
        1190.833,
