{
  "file_name": "3_3_frame_6",
  "bb": [
    [
      150,
      42,
      612,
      612
    ],
    [
      1270,
      68,
      696,
      696
    ],
    [
      793,
      309,
      642,
      642
    ]
  ],
  "valid_bb": [
    1,
    1,
    1
  ],
  "cell": [
    [
      [
        304.0,
        131.0
      ],
      [
        334.5,
        120.5
      ],
      [
        363.167,
        127.167
      ],
      [
        309.16700000000003,
        173.167
      ],
      [
        633.1669999999999,
        269.83299999999997
      ],
      [
        601.1669999999999,
        270.5
      ],
      [
        614.5,
        243.167
      ],
      [
        611.1669999999999,
        481.167
      ],
      [
        577.1669999999999,
        469.833
      ],
      [
        564.5,
        509.833
      ],
      [
        561.8330000000001,
        537.1669999999999
      ],
      [
        518.5,
        505.167
      ],
      [
        529.1669999999999,
        497.167
      ],
      [
        547.8330000000001,
        459.833
      ],
      [
        520.5,
        444.5
      ],
      [
        513.8330000000001,
        423.167
      ],
      [
        483.833,
        383.167
      ],
      [
        466.5,
        360.5
      ],
      [
        445.833,
        376.5
      ],
      [
        441.167,
        323.16700000000003
      ],
      [
        461.167,
        306.5
      ],
      [
        437.833,
        275.83299999999997
      ],
      [
        389.167,
        232.5
      ],
      [
        346.5,
        218.5
      ],
      [
        337.167,
        183.167
      ],
      [
        293.16700000000003,
        221.833
      ],
      [
        291.83299999999997,
        241.833
      ],
      [
        252.5,
        216.5
      ],
      [
        256.5,
        193.833
      ],
      [
        246.167,
        254.833
      ],
      [
        231.167,
        267.16700000000003
      ],
      [
        227.833,
        291.83299999999997
      ],
      [
        257.16700000000003,
        301.16700000000003
      ],
      [
        298.5,
        305.16700000000003
      ],
      [
        336.5,
        289.16700000000003
      ],
      [
        341.833,
        259.16700000000003
      ],
      [
        288.5,
        321.83299999999997
      ],
      [
        215.167,
        367.167
      ],
      [
        237.833,
        370.5
      ],
      [
        173.833,
        388.5
      ],
      [
        197.167,
        457.833
      ],
      [
        563.8330000000001,
        399.833
      ],
      [
        467.833,
        587.8330000000001
      ],
      [
        459.833,
        560.5
      ],
      [
        443.833,
        545.1669999999999
      ],
      [
        401.167,
        560.5
      ],
      [
        419.167,
        605.1669999999999
      ],
      [
        357.833,
        594.5
      ],
      [
        381.833,
        540.5
      ],
      [
        366.5,
        517.8330000000001
      ],
      [
        312.5,
        528.5
      ],
      [
        318.5,
        493.167
      ],
      [
        287.83299999999997,
        469.167
      ],
      [
        258.5,
        490.5
      ],
      [
        229.167,
        483.833
      ],
      [
        217.167,
        457.167
      ],
      [
        265.83299999999997,
        425.833
      ],
      [
        276.5,
        396.5
      ],
      [
        299.83299999999997,
        362.5
      ],
      [
        329.833,
        388.5
      ],
      [
        342.5,
        363.167
      ],
      [
        361.833,
        347.167
      ],
      [
        384.5,
        367.167
      ],
      [
        377.833,
        321.16700000000003
      ],
      [
        409.833,
        331.833
      ],
      [
        323.16700000000003,
        443.833
      ],
      [
        357.833,
        437.833
      ],
      [
        387.167,
        471.167
      ],
      [
        355.167,
        485.833
      ],
      [
        475.833,
        135.833
      ],
      [
        514.5,
        109.167
      ],
      [
        557.8330000000001,
        106.5
      ],
      [
        580.5,
        119.833
      ],
      [
        569.8330000000001,
        164.5
      ],
      [
        544.5,
        149.167
      ],
      [
        527.8330000000001,
        147.167
      ],
      [
        517.1669999999999,
        169.167
      ],
      [
        503.833,
        181.167
      ],
      [
        530.5,
        197.833
      ],
      [
        514.5,
        213.167
      ],
      [
        495.833,
        253.167
      ],
      [
        461.167,
        239.833
      ],
      [
        532.5,
        251.167
      ],
      [
        549.8330000000001,
        229.833
      ],
      [
        551.8330000000001,
        251.833
      ],
      [
        545.8330000000001,
        281.83299999999997
      ],
      [
        638.5,
        217.833
      ],
      [
        585.8330000000001,
        180.5
      ],
      [
        564.5,
        202.5
      ],
      [
        619.8330000000001,
        146.5
      ],
      [
        657.8330000000001,
        193.833
      ],
      [
        716.5,
        227.833
      ],
      [
        712.5,
        245.167
      ],
      [
        671.1669999999999,
        270.5
      ],
      [
        694.5,
        291.16700000000003
      ],
      [
        739.8330000000001,
        353.833
      ],
      [
        714.5,
        369.167
      ],
      [
        660.5,
        381.167
      ],
      [
        660.5,
        363.833
      ],
      [
        633.1669999999999,
        381.167
      ],
      [
        593.8330000000001,
        381.167
      ],
      [
        594.5,
        321.16700000000003
      ],
      [
        631.1669999999999,
        324.5
      ],
      [
        457.167,
        455.167
      ],
      [
        373.833,
        427.167
      ],
      [
        457.167,
        335.167
      ],
      [
        321.83299999999997,
        163.167
      ],
      [
        558.5,
        358.5
      ],
      [
        533.1669999999999,
        367.167
      ],
      [
        547.8330000000001,
        387.167
      ],
      [
        284.16700000000003,
        299.5
      ],
      [
        427.167,
        462.5
      ],
      [
        596.0,
        235.0
      ],
      [
        608.5,
        567.5
      ],
      [
        410.833,
        91.5
      ]
    ],
    [
      [
        1811.5,
        594.5
      ],
      [
        1868.1670000000001,
        588.5
      ],
      [
        1783.5,
        627.8330000000001
      ],
      [
        1771.5,
        669.1669999999999
      ],
      [
        1724.8329999999999,
        694.5
      ],
      [
        1702.8329999999999,
        638.5
      ],
      [
        1636.8329999999999,
        677.1669999999999
      ],
      [
        1611.5,
        657.1669999999999
      ],
      [
        1610.8329999999999,
        629.8330000000001
      ],
      [
        1606.8329999999999,
        600.5
      ],
      [
        1558.8329999999999,
        595.1669999999999
      ],
      [
        1557.5,
        634.5
      ],
      [
        1577.5,
        669.8330000000001
      ],
      [
        1539.5,
        687.8330000000001
      ],
      [
        1526.8329999999999,
        676.5
      ],
      [
        1500.1670000000001,
        692.5
      ],
      [
        1518.8329999999999,
        647.8330000000001
      ],
      [
        1495.1670000000001,
        655.5
      ],
      [
        1473.5,
        646.5
      ],
      [
        1472.1670000000001,
        615.1669999999999
      ],
      [
        1436.1670000000001,
        615.8330000000001
      ],
      [
        1412.1670000000001,
        552.5
      ],
      [
        1414.8329999999999,
        607.1669999999999
      ],
      [
        1439.5,
        568.5
      ],
      [
        1460.1670000000001,
        569.1669999999999
      ],
      [
