{
  "file_name": "3_3_frame_23",
  "bb": [
    [
      796,
      350,
      624,
      624
    ],
    [
      249,
      141,
      662,
      662
    ]
  ],
  "valid_bb": [
    1,
    1
  ],
  "cell": [
    [
      [
        1109.0,
        413.0
      ],
      [
        1103.167,
        431.167
      ],
      [
        1132.5,
        436.5
      ],
      [
        1163.167,
        466.5
      ],
      [
        1244.5,
        443.167
      ],
      [
        1231.167,
        509.167
      ],
      [
        1219.833,
        527.1669999999999
      ],
      [
        1198.5,
        501.833
      ],
      [
        1154.5,
        518.5
      ],
      [
        1143.833,
        543.8330000000001
      ],
      [
        1154.5,
        560.5
      ],
      [
        1101.5,
        579.5
      ],
      [
        1100.5,
        521.8330000000001
      ],
      [
        1075.167,
        522.5
      ],
      [
        1098.5,
        506.5
      ],
      [
        1117.833,
        504.5
      ],
      [
        1135.167,
        489.833
      ],
      [
        1045.167,
        461.833
      ],
      [
        1038.5,
        475.833
      ],
      [
        1026.5,
        431.167
      ],
      [
        1252.5,
        548.5
      ],
      [
        1260.5,
        573.1669999999999
      ],
      [
        1297.167,
        580.5
      ],
      [
        1297.167,
        549.1669999999999
      ],
      [
        1325.1670000000001,
        567.8330000000001
      ],
      [
        1233.833,
        609.8330000000001
      ],
      [
        1194.5,
        604.5
      ],
      [
        1149.167,
        601.1669999999999
      ],
      [
        1137.167,
        617.8330000000001
      ],
      [
        1151.167,
        617.1669999999999
      ],
      [
        1151.167,
        645.8330000000001
      ],
      [
        1177.167,
        650.5
      ],
      [
        1206.5,
        677.8330000000001
      ],
      [
        1203.167,
        695.1669999999999
      ],
      [
        1151.833,
        699.8330000000001
      ],
      [
        1161.167,
        728.5
      ],
      [
        1121.833,
        737.8330000000001
      ],
      [
        1174.0,
        775.5
      ],
      [
        1210.5,
        779.8330000000001
      ],
      [
        1237.833,
        769.1669999999999
      ],
      [
        1251.167,
        705.8330000000001
      ],
      [
        1241.167,
        687.8330000000001
      ],
      [
        1285.167,
        717.8330000000001
      ],
      [
        1310.5,
        687.8330000000001
      ],
      [
        1342.5,
        675.1669999999999
      ],
      [
        1348.5,
        658.5
      ],
      [
        1357.8329999999999,
        732.5
      ],
      [
        1329.1670000000001,
        749.1669999999999
      ],
      [
        1344.5,
        780.5
      ],
      [
        1331.8329999999999,
        791.8330000000001
      ],
      [
        1306.5,
        822.5
      ],
      [
        1295.833,
        769.1669999999999
      ],
      [
        1270.5,
        764.5
      ],
      [
        1215.167,
        809.8330000000001
      ],
      [
        1235.833,
        829.8330000000001
      ],
      [
        1250.5,
        831.8330000000001
      ],
      [
        1187.167,
        833.8330000000001
      ],
      [
        1149.833,
        835.1669999999999
      ],
      [
        1119.833,
        819.8330000000001
      ],
      [
        1129.833,
        788.5
      ],
      [
        1103.167,
        799.8330000000001
      ],
      [
        1100.5,
        765.8330000000001
      ],
      [
        1078.5,
        741.1669999999999
      ],
      [
        1063.833,
        753.1669999999999
      ],
      [
        1071.833,
        709.8330000000001
      ],
      [
        1063.833,
        793.8330000000001
      ],
      [
        1029.833,
        788.5
      ],
      [
        1030.5,
        763.8330000000001
      ],
      [
        1011.1669999999999,
        745.1669999999999
      ],
      [
        997.1669999999999,
        734.5
      ],
      [
        999.1669999999999,
        721.8330000000001
      ],
      [
        1035.167,
        725.8330000000001
      ],
      [
        1003.1669999999999,
        687.8330000000001
      ],
      [
        1028.5,
        677.1669999999999
      ],
      [
        1009.8330000000001,
        665.1669999999999
      ],
      [
        1024.5,
        635.1669999999999
      ],
      [
        1053.167,
        657.1669999999999
      ],
      [
        1077.833,
        665.1669999999999
      ],
      [
        956.5,
        784.0
      ],
      [
        905.8330000000001,
        785.1669999999999
      ],
      [
        961.5,
        747.5
      ],
      [
        930.5,
        717.8330000000001
      ],
      [
        925.1669999999999,
        695.8330000000001
      ],
      [
        890.5,
        693.1669999999999
      ],
      [
        851.8330000000001,
        681.1669999999999
      ],
      [
        836.5,
        661.1669999999999
      ],
      [
        867.8330000000001,
        625.8330000000001
      ],
      [
        889.1669999999999,
        621.1669999999999
      ],
      [
        851.1669999999999,
        586.5
      ],
      [
        875.8330000000001,
        564.5
      ],
      [
        891.1669999999999,
        566.5
      ],
      [
        917.1669999999999,
        549.1669999999999
      ],
      [
        942.5,
        501.167
      ],
      [
        968.5,
        509.833
      ],
      [
        950.5,
        516.5
      ],
      [
        936.5,
        537.1669999999999
      ],
      [
        917.8330000000001,
        587.8330000000001
      ],
      [
        941.1669999999999,
        604.5
      ],
      [
        951.8330000000001,
        635.1669999999999
      ],
      [
        930.5,
        638.5
      ],
      [
        974.5,
        611.1669999999999
      ],
      [
        994.5,
        581.8330000000001
      ],
      [
        1006.5,
        565.8330000000001
      ],
      [
        1007.1669999999999,
        588.5
      ],
      [
        963.8330000000001,
        688.5
      ],
      [
        987.5,
        884.0
      ],
      [
        1012.5,
        884.5
      ],
      [
        1067.0,
        901.5
      ],
      [
        1089.0,
        872.0
      ],
      [
        1065.0,
        847.5
      ],
      [
        1092.0,
        839.0
      ],
      [
        1118.0,
        844.0
      ],
      [
        1129.0,
        876.5
      ],
      [
        1123.5,
        923.5
      ],
      [
        1225.833,
        882.1669999999999
      ],
      [
        1243.5,
        882.0
      ],
      [
        1204.0,
        861.5
      ],
      [
        1103.0,
        869.5
      ],
      [
        942.5,
        759.0
      ],
      [
        1088.0,
        856.5
      ],
      [
        880.0,
        686.0
      ],
      [
        1012.5,
        701.5
      ],
      [
        1224.0,
        619.5
      ],
      [
        1085.5,
        781.0
      ],
      [
        948.5,
        732.5
      ]
    ],
    [
      [
        446.0,
        213.0
      ],
      [
        473.5,
        207.5
      ],
      [
        449.5,
        245.5
      ],
      [
        503.5,
        208.833
      ],
      [
        520.1669999999999,
        224.167
      ],
      [
        510.167,
        269.5
      ],
      [
        547.5,
        312.83299999999997
      ],
      [
        588.8330000000001,
        260.83299999999997
      ],
      [
        608.1669999999999,
        227.5
      ],
      [
        640.1669999999999,
        216.167
      ],
      [
        620.8330000000001,
        250.167
      ],
      [
        700.5,
        207.5
      ],
      [
        402.5,
        290.5
      ],
      [
        386.5,
        302.5
      ],
      [
        365.5,
        314.5
      ],
      [
