{
  "file_name": "3_3_frame_13",
  "bb": [
    [
      450,
      364,
      668,
      668
    ],
    [
      1083,
      121,
      642,
      642
    ]
  ],
  "valid_bb": [
    1,
    1
  ],
  "cell": [
    [
      [
        531.5,
        619.1669999999999
      ],
      [
        579.5,
        573.1669999999999
      ],
      [
        614.8330000000001,
        613.8330000000001
      ],
      [
        594.1669999999999,
        650.5
      ],
      [
        565.5,
        666.5
      ],
      [
        536.1669999999999,
        661.1669999999999
      ],
      [
        502.167,
        658.5
      ],
      [
        504.833,
        683.1669999999999
      ],
      [
        522.8330000000001,
        723.1669999999999
      ],
      [
        512.8330000000001,
        737.8330000000001
      ],
      [
        600.8330000000001,
        710.5
      ],
      [
        592.8330000000001,
        703.1669999999999
      ],
      [
        582.8330000000001,
        735.1669999999999
      ],
      [
        571.5,
        755.8330000000001
      ],
      [
        563.5,
        788.5
      ],
      [
        582.8330000000001,
        821.8330000000001
      ],
      [
        586.8330000000001,
        877.8330000000001
      ],
      [
        592.1669999999999,
        901.1669999999999
      ],
      [
        667.5,
        926.5
      ],
      [
        719.5,
        893.1669999999999
      ],
      [
        733.5,
        947.1669999999999
      ],
      [
        760.1669999999999,
        944.5
      ],
      [
        782.8330000000001,
        964.5
      ],
      [
        794.1669999999999,
        946.5
      ],
      [
        825.5,
        925.8330000000001
      ],
      [
        815.5,
        913.8330000000001
      ],
      [
        780.1669999999999,
        903.1669999999999
      ],
      [
        794.8330000000001,
        861.8330000000001
      ],
      [
        796.8330000000001,
        837.1669999999999
      ],
      [
        767.5,
        853.8330000000001
      ],
      [
        754.1669999999999,
        860.5
      ],
      [
        716.1669999999999,
        839.8330000000001
      ],
      [
        687.5,
        821.8330000000001
      ],
      [
        716.8330000000001,
        794.5
      ],
      [
        641.5,
        809.8330000000001
      ],
      [
        605.5,
        811.1669999999999
      ],
      [
        626.8330000000001,
        778.5
      ],
      [
        650.8330000000001,
        767.1669999999999
      ],
      [
        624.8330000000001,
        743.1669999999999
      ],
      [
        701.5,
        737.8330000000001
      ],
      [
        680.1669999999999,
        721.8330000000001
      ],
      [
        710.8330000000001,
        707.8330000000001
      ],
      [
        724.1669999999999,
        703.8330000000001
      ],
      [
        690.1669999999999,
        683.8330000000001
      ],
      [
        676.8330000000001,
        671.8330000000001
      ],
      [
        703.5,
        656.5
      ],
      [
        695.5,
        615.1669999999999
      ],
      [
        681.5,
        609.1669999999999
      ],
      [
        661.5,
        631.1669999999999
      ],
      [
        630.8330000000001,
        659.8330000000001
      ],
      [
        656.1669999999999,
        571.1669999999999
      ],
      [
        652.1669999999999,
        541.8330000000001
      ],
      [
        648.8330000000001,
        525.8330000000001
      ],
      [
        671.5,
        537.1669999999999
      ],
      [
        678.1669999999999,
        516.5
      ],
      [
        692.1669999999999,
        502.5
      ],
      [
        706.1669999999999,
        481.833
      ],
      [
        740.8330000000001,
        453.833
      ],
      [
        772.1669999999999,
        454.5
      ],
      [
        780.1669999999999,
        475.833
      ],
      [
        842.8330000000001,
        469.833
      ],
      [
        798.1669999999999,
        515.1669999999999
      ],
      [
        765.5,
        509.833
      ],
      [
        771.5,
        537.1669999999999
      ],
      [
        731.5,
        547.1669999999999
      ],
      [
        726.1669999999999,
        575.8330000000001
      ],
      [
        767.5,
        563.8330000000001
      ],
      [
        798.1669999999999,
        548.5
      ],
      [
        788.8330000000001,
        605.8330000000001
      ],
      [
        772.1669999999999,
        619.8330000000001
      ],
      [
        756.8330000000001,
        657.8330000000001
      ],
      [
        789.5,
        656.5
      ],
      [
        804.8330000000001,
        678.5
      ],
      [
        815.5,
        633.1669999999999
      ],
      [
        820.1669999999999,
        608.5
      ],
      [
        839.5,
        579.1669999999999
      ],
      [
        857.5,
        554.5
      ],
      [
        879.5,
        511.167
      ],
      [
        899.5,
        567.1669999999999
      ],
      [
        895.5,
        585.1669999999999
      ],
      [
        880.8330000000001,
        610.5
      ],
      [
        893.5,
        622.5
      ],
      [
        925.5,
        606.5
      ],
      [
        961.5,
        587.8330000000001
      ],
      [
        935.5,
        544.5
      ],
      [
        1014.1669999999999,
        648.5
      ],
      [
        1022.1669999999999,
        664.5
      ],
      [
        992.8330000000001,
        675.1669999999999
      ],
      [
        964.1669999999999,
        669.1669999999999
      ],
      [
        963.5,
        698.5
      ],
      [
        984.1669999999999,
        741.8330000000001
      ],
      [
        1015.5,
        723.1669999999999
      ],
      [
        1032.167,
        766.5
      ],
      [
        949.5,
        799.8330000000001
      ],
      [
        936.1669999999999,
        816.5
      ],
      [
        1003.5,
        882.0
      ],
      [
        992.1669999999999,
        909.1669999999999
      ],
      [
        969.5,
        892.5
      ],
      [
        953.5,
        915.5
      ],
      [
        901.5,
        890.5
      ],
      [
        874.5,
        871.0
      ],
      [
        858.1669999999999,
        823.1669999999999
      ],
      [
        816.8330000000001,
        851.8330000000001
      ],
      [
        815.5,
        790.5
      ],
      [
        799.5,
        771.1669999999999
      ],
      [
        786.1669999999999,
        762.5
      ],
      [
        782.1669999999999,
        745.1669999999999
      ],
      [
        849.5,
        747.1669999999999
      ],
      [
        843.5,
        764.5
      ],
      [
        884.1669999999999,
        732.5
      ],
      [
        882.8330000000001,
        793.8330000000001
      ],
      [
        866.1669999999999,
        775.8330000000001
      ],
      [
        918.8330000000001,
        780.5
      ],
      [
        912.1669999999999,
        695.1669999999999
      ],
      [
        925.5,
        692.5
      ],
      [
        931.5,
        662.5
      ],
      [
        897.5,
        677.8330000000001
      ],
      [
        854.8330000000001,
        686.5
      ],
      [
        842.8330000000001,
        711.8330000000001
      ],
      [
        879.5,
        690.5
      ],
      [
        857.8330000000001,
        956.8330000000001
      ],
      [
        592.5,
        735.5
      ],
      [
        607.5,
        672.5
      ],
      [
        882.5,
        885.0
      ],
      [
        954.5,
        901.5
      ],
      [
        764.5,
        481.0
      ],
      [
        829.0,
        599.5
      ],
      [
        574.5,
        674.5
      ],
      [
        803.1669999999999,
        650.8330000000001
      ],
      [
        837.1669999999999,
        673.1669999999999
      ],
      [
        804.1669999999999,
        926.8330000000001
      ]
    ],
