{
  "file_name": "3_3_frame_22",
  "bb": [
    [
      1102,
      68,
      640,
      640
    ],
    [
      459,
      351,
      610,
      610
    ]
  ],
  "valid_bb": [
    1,
    1
  ],
  "cell": [
    [
      [
        1428.0,
        105.0
      ],
      [
        1424.1670000000001,
        120.833
      ],
      [
        1406.1670000000001,
        152.167
      ],
      [
        1458.8329999999999,
        132.167
      ],
      [
        1475.5,
        152.833
      ],
      [
        1459.5,
        169.5
      ],
      [
        1449.5,
        198.833
      ],
      [
        1446.8329999999999,
        220.833
      ],
      [
        1480.8329999999999,
        202.167
      ],
      [
        1486.1670000000001,
        230.833
      ],
      [
        1491.5,
        259.5
      ],
      [
        1526.8329999999999,
        248.833
      ],
      [
        1510.8329999999999,
        216.167
      ],
      [
        1540.8329999999999,
        188.833
      ],
      [
        1578.8329999999999,
        165.5
      ],
      [
        1579.5,
        138.167
      ],
      [
        1547.5,
        234.167
      ],
      [
        1594.1670000000001,
        238.833
      ],
      [
        1631.5,
        236.167
      ],
      [
        1600.1670000000001,
        264.16700000000003
      ],
      [
        1608.8329999999999,
        286.16700000000003
      ],
      [
        1637.5,
        282.16700000000003
      ],
      [
        1561.5,
        311.5
      ],
      [
        1596.1670000000001,
        332.167
      ],
      [
        1594.8329999999999,
        354.833
      ],
      [
        1576.1670000000001,
        373.5
      ],
      [
        1541.5,
        392.833
      ],
      [
        1550.1670000000001,
        397.5
      ],
      [
        1600.1670000000001,
        394.167
      ],
      [
        1630.1670000000001,
        386.833
      ],
      [
        1668.1670000000001,
        269.5
      ],
      [
        1543.5,
        444.167
      ],
      [
        1586.8329999999999,
        438.167
      ],
      [
        1595.5,
        416.833
      ],
      [
        1581.5,
        476.833
      ],
      [
        1621.5,
        502.167
      ],
      [
        1558.1670000000001,
        501.5
      ],
      [
        1539.5,
        504.167
      ],
      [
        1570.8329999999999,
        523.5
      ],
      [
        1510.8329999999999,
        522.8330000000001
      ],
      [
        1488.8329999999999,
        525.5
      ],
      [
        1459.5,
        541.5
      ],
      [
        1458.8329999999999,
        504.167
      ],
      [
        1485.5,
        487.5
      ],
      [
        1484.1670000000001,
        501.5
      ],
      [
        1471.5,
        451.5
      ],
      [
        1465.5,
        414.167
      ],
      [
        1452.1670000000001,
        280.16700000000003
      ],
      [
        1426.8329999999999,
        283.5
      ],
      [
        1420.8329999999999,
        307.5
      ],
      [
        1402.1670000000001,
        318.83299999999997
      ],
      [
        1445.5,
        328.833
      ],
      [
        1440.8329999999999,
        376.833
      ],
      [
        1462.8329999999999,
        385.5
      ],
      [
        1480.1670000000001,
        388.167
      ],
      [
        1409.5,
        374.833
      ],
      [
        1396.1670000000001,
        420.167
      ],
      [
        1410.1670000000001,
        431.5
      ],
      [
        1358.8329999999999,
        386.167
      ],
      [
        1337.5,
        382.833
      ],
      [
        1332.1670000000001,
        409.5
      ],
      [
        1346.1670000000001,
        416.167
      ],
      [
        1306.833,
        427.5
      ],
      [
        1294.167,
        407.5
      ],
      [
        1242.167,
        402.167
      ],
      [
        1231.5,
        414.833
      ],
      [
        1253.5,
        474.833
      ],
      [
        1236.167,
        504.833
      ],
      [
        1189.5,
        443.5
      ],
      [
        1142.833,
        449.5
      ],
      [
        1160.833,
        400.167
      ],
      [
        1188.833,
        368.167
      ],
      [
        1232.167,
        342.167
      ],
      [
        1213.5,
        296.16700000000003
      ],
      [
        1175.5,
        275.5
      ],
      [
        1248.833,
        289.5
      ],
      [
        1246.833,
        254.167
      ],
      [
        1273.5,
        257.5
      ],
      [
        1257.5,
        228.833
      ],
      [
        1221.5,
        239.5
      ],
      [
        1246.833,
        210.167
      ],
      [
        1277.5,
        172.167
      ],
      [
        1282.833,
        219.5
      ],
      [
        1301.5,
        233.5
      ],
      [
        1318.8329999999999,
        252.833
      ],
      [
        1333.5,
        204.167
      ],
      [
        1369.5,
        198.833
      ],
      [
        1352.8329999999999,
        246.833
      ],
      [
        1374.8329999999999,
        264.83299999999997
      ],
      [
        1371.5,
        283.5
      ],
      [
        1366.1670000000001,
        317.5
      ],
      [
        1503.0,
        549.5
      ],
      [
        1524.5,
        537.5
      ],
      [
        1483.5,
        539.5
      ],
      [
        1463.5,
        565.0
      ],
      [
        1537.0,
        555.0
      ],
      [
        1518.0,
        574.0
      ],
      [
        1543.5,
        581.0
      ],
      [
        1565.0,
        575.0
      ],
      [
        1449.0,
        605.0
      ],
      [
        1461.5,
        627.5
      ],
      [
        1400.5,
        653.5
      ],
      [
        1418.0,
        561.5
      ],
      [
        1375.0,
        572.5
      ],
      [
        1362.5,
        538.0
      ],
      [
        1354.5,
        568.0
      ],
      [
        1333.5,
        574.5
      ],
      [
        1325.0,
        595.5
      ],
      [
        1309.5,
        574.5
      ],
      [
        1291.5,
        565.5
      ],
      [
        1317.5,
        538.0
      ],
      [
        1239.0,
        550.0
      ],
      [
        1234.0,
        599.5
      ],
      [
        1280.0,
        615.0
      ]
    ],
    [
      [
        627.0,
        451.0
      ],
      [
        610.5,
        465.5
      ],
      [
        562.5,
        444.5
      ],
      [
        670.8330000000001,
        435.833
      ],
      [
        703.5,
        428.5
      ],
      [
        710.1669999999999,
        445.833
      ],
      [
        801.5,
        393.833
      ],
      [
        812.8330000000001,
        413.167
      ],
      [
        924.1669999999999,
        532.5
      ],
      [
        848.1669999999999,
        531.1669999999999
      ],
      [
        871.0,
        490.5
      ],
      [
        860.0,
        446.5
      ],
      [
        876.5,
        449.0
      ],
      [
        824.8330000000001,
        453.167
      ],
      [
        816.0,
        467.0
      ],
      [
        814.8330000000001,
        490.5
      ],
      [
        786.1669999999999,
        475.167
      ],
      [
        748.8330000000001,
        479.167
      ],
      [
        778.1669999999999,
        518.5
      ],
      [
        750.8330000000001,
        523.8330000000001
      ],
      [
        741.5,
        567.1669999999999
      ],
      [
        744.8330000000001,
        591.1669999999999
      ],
      [
        737.5,
        624.5
      ],
      [
        702.8330000000001,
        635.1669999999999
      ],
      [
        701.5,
        608.5
      ],
      [
        680.8330000000001,
        609.8330000000001
      ],
      [
        656.1669999999999,
        601.1669999999999
      ],
      [
        631.5,
        596.5
      ],
      [
        664.1669999999999,
        552.5
      ],
      [
        667.5,
        570.5
      ],
