{
  "file_name": "3_3_frame_17",
  "bb": [
    [
      951,
      111,
      638,
      638
    ],
    [
      268,
      302,
      640,
      640
    ]
  ],
  "valid_bb": [
    1,
    1
  ],
  "cell": [
    [
      [
        1298.167,
        158.167
      ],
      [
        1274.5,
        166.833
      ],
      [
        1210.5,
        185.5
      ],
      [
        1230.5,
        197.5
      ],
      [
        1218.5,
        225.5
      ],
      [
        1245.833,
        230.833
      ],
      [
        1228.5,
        258.16700000000003
      ],
      [
        1207.167,
        311.5
      ],
      [
        1183.167,
        316.16700000000003
      ],
      [
        1132.5,
        324.16700000000003
      ],
      [
        1144.5,
        294.83299999999997
      ],
      [
        1150.5,
        315.5
      ],
      [
        1154.5,
        244.833
      ],
      [
        1112.5,
        239.5
      ],
      [
        1108.5,
        279.5
      ],
      [
        1079.833,
        290.83299999999997
      ],
      [
        1073.5,
        310.16700000000003
      ],
      [
        1071.833,
        323.5
      ],
      [
        1031.833,
        306.83299999999997
      ],
      [
        1256.5,
        285.5
      ],
      [
        1281.833,
        279.5
      ],
      [
        1281.833,
        310.16700000000003
      ],
      [
        1331.8329999999999,
        236.167
      ],
      [
        1337.1670000000001,
        186.167
      ],
      [
        1404.5,
        206.167
      ],
      [
        1387.8329999999999,
        256.16700000000003
      ],
      [
        1386.5,
        288.16700000000003
      ],
      [
        1413.1670000000001,
        280.83299999999997
      ],
      [
        1419.8329999999999,
        264.83299999999997
      ],
      [
        1445.5,
        288.83299999999997
      ],
      [
        1442.5,
        323.5
      ],
      [
        1471.8329999999999,
        245.5
      ],
      [
        1535.8329999999999,
        354.833
      ],
      [
        1509.8329999999999,
        396.833
      ],
      [
        1466.5,
        370.167
      ],
      [
        1463.1670000000001,
        390.833
      ],
      [
        1461.1670000000001,
        408.167
      ],
      [
        1445.1670000000001,
        388.833
      ],
      [
        1422.5,
        387.5
      ],
      [
        1419.8329999999999,
        369.5
      ],
      [
        1391.1670000000001,
        380.167
      ],
      [
        1406.5,
        338.833
      ],
      [
        1378.5,
        333.5
      ],
      [
        1371.1670000000001,
        352.833
      ],
      [
        1345.1670000000001,
        353.5
      ],
      [
        1331.5,
        365.5
      ],
      [
        1313.1670000000001,
        368.167
      ],
      [
        1277.833,
        387.5
      ],
      [
        1259.167,
        386.167
      ],
      [
        1264.5,
        413.5
      ],
      [
        1330.1670000000001,
        424.833
      ],
      [
        1317.1670000000001,
        415.5
      ],
      [
        1373.8329999999999,
        437.5
      ],
      [
        1396.5,
        468.833
      ],
      [
        1401.8329999999999,
        441.5
      ],
      [
        1433.8329999999999,
        448.167
      ],
      [
        1465.5,
        442.5
      ],
      [
        1492.5,
        474.833
      ],
      [
        1093.833,
        374.833
      ],
      [
        1096.5,
        403.5
      ],
      [
        1008.5,
        464.167
      ],
      [
        1032.5,
        478.167
      ],
      [
        1065.167,
        499.5
      ],
      [
        1106.0,
        493.5
      ],
      [
        1113.167,
        533.5
      ],
      [
        1173.167,
        514.8330000000001
      ],
      [
        1143.167,
        491.5
      ],
      [
        1153.167,
        483.167
      ],
      [
        1162.5,
        454.167
      ],
      [
        1177.167,
        430.833
      ],
      [
        1116.5,
        453.5
      ],
      [
        1121.833,
        466.833
      ],
      [
        1265.5,
        503.0
      ],
      [
        1231.833,
        494.833
      ],
      [
        1271.833,
        548.1669999999999
      ],
      [
        1474.5,
        486.167
      ],
      [
        1503.8329999999999,
        514.1669999999999
      ],
      [
        1482.5,
        530.1669999999999
      ],
      [
        1513.8329999999999,
        538.8330000000001
      ],
      [
        1521.1670000000001,
        559.5
      ],
      [
        1490.5,
        563.5
      ],
      [
        1465.8329999999999,
        566.8330000000001
      ],
      [
        1450.5,
        564.8330000000001
      ],
      [
        1404.5,
        552.1669999999999
      ],
      [
        1469.1670000000001,
        612.1669999999999
      ],
      [
        1455.1670000000001,
        590.1669999999999
      ],
      [
        1402.5,
        604.8330000000001
      ],
      [
        1387.8329999999999,
        624.8330000000001
      ],
      [
        1334.0,
        620.5
      ],
      [
        1341.8329999999999,
        671.5
      ],
      [
        1297.167,
        702.8330000000001
      ],
      [
        1260.5,
        654.8330000000001
      ],
      [
        1274.5,
        616.1669999999999
      ],
      [
        1245.167,
        604.1669999999999
      ],
      [
        1235.833,
        578.8330000000001
      ],
      [
        1316.5,
        550.8330000000001
      ],
      [
        1298.5,
        536.1669999999999
      ],
      [
        1310.5,
        515.5
      ],
      [
        1277.5,
        523.0
      ],
      [
        1163.167,
        574.1669999999999
      ],
      [
        1114.5,
        573.5
      ],
      [
        1126.5,
        589.5
      ],
      [
        1131.833,
        627.5
      ],
      [
        1179.167,
        628.8330000000001
      ],
      [
        1129.833,
        659.5
      ],
      [
        1284.5,
        497.5
      ],
      [
        1488.8329999999999,
        389.833
      ],
      [
        1255.833,
        320.5
      ],
      [
        1291.833,
        517.1669999999999
      ]
    ],
    [
      [
        416.5,
        391.167
      ],
      [
        431.833,
        402.5
      ],
      [
        410.5,
        419.167
      ],
      [
        341.167,
        485.167
      ],
      [
        365.167,
        505.167
      ],
      [
        395.833,
        458.5
      ],
      [
        415.833,
        451.167
      ],
      [
        415.167,
        481.833
      ],
      [
        435.833,
        470.5
      ],
      [
        439.833,
        513.8330000000001
      ],
      [
        461.167,
        505.167
      ],
      [
        468.5,
        525.1669999999999
      ],
      [
        481.833,
        565.1669999999999
      ],
      [
        500.5,
        549.1669999999999
      ],
      [
        515.8330000000001,
        561.1669999999999
      ],
      [
        517.8330000000001,
        538.5
      ],
      [
        539.1669999999999,
        519.8330000000001
      ],
      [
        559.8330000000001,
        530.5
      ],
      [
        583.1669999999999,
        505.833
      ],
      [
        541.1669999999999,
        481.167
      ],
      [
        521.8330000000001,
        487.167
      ],
      [
        533.1669999999999,
        465.167
      ],
      [
        526.5,
        445.833
      ],
      [
        526.5,
        417.167
      ],
      [
        497.833,
        406.5
      ],
      [
        511.167,
        390.5
      ],
      [
        575.8330000000001,
        361.167
      ],
      [
        562.5,
        451.833
      ],
      [
        622.5,
        410.5
      ],
      [
        610.5,
        465.167
      ],
      [
        667.1669999999999,
        427.833
      ],
      [
        697.1669999999999,
        418.5
      ],
