{
  "file_name": "3_3_frame_29",
  "bb": [
    [
      641,
      143,
      622,
      622
    ],
    [
      24,
      322,
      596,
      596
    ]
  ],
  "valid_bb": [
    1,
    1
  ],
  "cell": [
    [
      [
        960.0,
        174.0
      ],
      [
        919.5,
        227.5
      ],
      [
        902.8330000000001,
        250.167
      ],
      [
        872.0,
        231.0
      ],
      [
        852.1669999999999,
        261.5
      ],
      [
        835.5,
        285.5
      ],
      [
        799.5,
        254.833
      ],
      [
        780.0,
        277.5
      ],
      [
        760.8330000000001,
        292.83299999999997
      ],
      [
        778.1669999999999,
        312.16700000000003
      ],
      [
        796.1669999999999,
        309.5
      ],
      [
        707.5,
        346.833
      ],
      [
        739.5,
        377.5
      ],
      [
        765.5,
        409.5
      ],
      [
        785.5,
        415.5
      ],
      [
        786.8330000000001,
        433.5
      ],
      [
        818.1669999999999,
        400.167
      ],
      [
        823.5,
        420.167
      ],
      [
        844.8330000000001,
        360.833
      ],
      [
        821.5,
        333.5
      ],
      [
        842.8330000000001,
        326.83299999999997
      ],
      [
        880.1669999999999,
        312.16700000000003
      ],
      [
        907.5,
        360.167
      ],
      [
        948.8330000000001,
        344.167
      ],
      [
        968.8330000000001,
        366.167
      ],
      [
        936.1669999999999,
        374.167
      ],
      [
        920.1669999999999,
        396.167
      ],
      [
        892.1669999999999,
        424.167
      ],
      [
        962.8330000000001,
        230.167
      ],
      [
        948.5,
        245.5
      ],
      [
        961.5,
        269.5
      ],
      [
        989.5,
        238.167
      ],
      [
        1007.5,
        214.167
      ],
      [
        1038.833,
        260.16700000000003
      ],
      [
        1055.5,
        263.5
      ],
      [
        1086.167,
        262.16700000000003
      ],
      [
        1068.833,
        233.5
      ],
      [
        1083.5,
        228.833
      ],
      [
        1130.5,
        261.5
      ],
      [
        1170.833,
        258.83299999999997
      ],
      [
        1184.167,
        281.5
      ],
      [
        1133.5,
        294.16700000000003
      ],
      [
        1102.167,
        345.5
      ],
      [
        1122.167,
        357.5
      ],
      [
        1140.167,
        350.833
      ],
      [
        1130.167,
        391.5
      ],
      [
        1157.5,
        354.167
      ],
      [
        1169.5,
        345.5
      ],
      [
        1200.833,
        349.5
      ],
      [
        1176.167,
        418.167
      ],
      [
        1193.5,
        434.167
      ],
      [
        1120.5,
        433.0
      ],
      [
        1100.833,
        435.5
      ],
      [
        1072.833,
        392.167
      ],
      [
        1049.5,
        370.833
      ],
      [
        1017.5,
        344.5
      ],
      [
        1000.1669999999999,
        326.16700000000003
      ],
      [
        1038.833,
        306.16700000000003
      ],
      [
        1007.5,
        300.83299999999997
      ],
      [
        997.0,
        289.0
      ],
      [
        950.8330000000001,
        724.1669999999999
      ],
      [
        967.5,
        693.5
      ],
      [
        1034.167,
        674.1669999999999
      ],
      [
        1019.5,
        600.1669999999999
      ],
      [
        1050.833,
        611.5
      ],
      [
        1086.167,
        594.1669999999999
      ],
      [
        1074.833,
        558.8330000000001
      ],
      [
        1097.5,
        550.8330000000001
      ],
      [
        1049.5,
        539.5
      ],
      [
        1032.167,
        564.1669999999999
      ],
      [
        1021.5,
        546.8330000000001
      ],
      [
        982.1669999999999,
        640.1669999999999
      ],
      [
        931.5,
        660.8330000000001
      ],
      [
        905.5,
        674.8330000000001
      ],
      [
        900.8330000000001,
        633.5
      ],
      [
        912.8330000000001,
        622.1669999999999
      ],
      [
        890.1669999999999,
        613.5
      ],
      [
        782.8330000000001,
        640.8330000000001
      ],
      [
        752.8330000000001,
        638.8330000000001
      ],
      [
        736.8330000000001,
        570.1669999999999
      ],
      [
        731.5,
        530.0
      ],
      [
        732.1669999999999,
        509.5
      ],
      [
        686.1669999999999,
        489.5
      ],
      [
        753.5,
        511.5
      ],
      [
        777.5,
        513.5
      ],
      [
        764.1669999999999,
        538.8330000000001
      ],
      [
        961.5,
        574.8330000000001
      ],
      [
        868.8330000000001,
        598.8330000000001
      ],
      [
        910.1669999999999,
        600.1669999999999
      ],
      [
        876.8330000000001,
        554.8330000000001
      ],
      [
        823.5,
        588.8330000000001
      ],
      [
        788.1669999999999,
        546.1669999999999
      ],
      [
        804.0,
        514.5
      ],
      [
        820.0,
        530.0
      ],
      [
        822.1669999999999,
        504.167
      ],
      [
        845.5,
        468.167
      ],
      [
        884.1669999999999,
        480.833
      ],
      [
        898.1669999999999,
        454.833
      ],
      [
        963.5,
        500.167
      ],
      [
        1013.5,
        472.167
      ],
      [
        993.5,
        518.8330000000001
      ],
      [
        979.5,
        522.8330000000001
      ],
      [
        1024.167,
        528.8330000000001
      ],
      [
        1066.167,
        474.833
      ],
      [
        1080.167,
        466.167
      ],
      [
        1094.833,
        454.167
      ],
      [
        1145.5,
        491.5
      ],
      [
        1144.833,
        519.5
      ],
      [
        1184.167,
        512.8330000000001
      ],
      [
        1180.167,
        479.5
      ],
      [
        1160.167,
        462.833
      ],
      [
        1162.5,
        375.0
      ],
      [
        974.5,
        242.0
      ],
      [
        1048.0,
        559.0
      ],
      [
        1181.0,
        437.5
      ],
      [
        906.5,
        515.0
      ],
      [
        807.5,
        529.5
      ],
      [
        897.5,
        657.0
      ],
      [
        757.0,
        394.0
      ],
      [
        934.5,
        244.5
      ],
      [
        976.0,
        228.5
      ],
      [
        981.0,
        286.0
      ],
      [
        1013.0,
        332.5
      ],
      [
        1061.5,
        537.5
      ],
      [
        1231.5,
        506.0
      ],
      [
        1054.167,
        341.833
      ],
      [
        1074.5,
        607.0
      ]
    ],
    [
      [
        264.0,
        349.0
      ],
      [
        295.5,
        345.167
      ],
      [
        307.5,
        324.5
      ],
      [
        328.833,
        343.167
      ],
      [
        334.167,
        330.5
      ],
      [
        375.5,
        412.5
      ],
      [
        397.5,
        419.5
      ],
      [
        416.5,
        433.5
      ],
      [
        439.5,
        446.5
      ],
      [
        430.5,
        464.5
      ],
      [
        450.5,
        474.5
      ],
      [
        465.5,
        462.5
      ],
      [
        497.5,
        448.5
      ],
      [
        517.5,
        502.5
      ],
      [
        583.5,
        552.5
      ],
      [
        469.5,
        525.5
      ],
      [
        450.5,
        533.5
      ],
      [
        469.5,
        564.5
      ],
      [
        444.5,
        507.5
      ],
