{
  "file_name": "3_3_frame_1",
  "bb": [
    [
      512,
      490,
      600,
      600
    ],
    [
      1146,
      148,
      680,
      680
    ]
  ],
  "valid_bb": [
    1,
    1
  ],
  "cell": [
    [
      [
        709.5,
        557.5
      ],
      [
        756.5,
        662.5
      ],
      [
        774.5,
        673.5
      ],
      [
        769.5,
        597.5
      ],
      [
        813.5,
        634.5
      ],
      [
        829.5,
        652.5
      ],
      [
        851.5,
        665.5
      ],
      [
        860.5,
        638.5
      ],
      [
        868.5,
        620.5
      ],
      [
        865.5,
        586.5
      ],
      [
        890.5,
        612.5
      ],
      [
        913.5,
        579.5
      ],
      [
        929.5,
        555.5
      ],
      [
        969.5,
        606.5
      ],
      [
        907.5,
        646.5
      ],
      [
        975.5,
        659.5
      ],
      [
        979.8330000000001,
        680.8330000000001
      ],
      [
        1006.5,
        702.5
      ],
      [
        1014.5,
        685.5
      ],
      [
        1045.5,
        657.5
      ],
      [
        1043.5,
        693.5
      ],
      [
        1069.5,
        723.5
      ],
      [
        1090.5,
        747.5
      ],
      [
        1059.5,
        739.5
      ],
      [
        1058.5,
        778.1669999999999
      ],
      [
        1084.5,
        785.5
      ],
      [
        1071.5,
        813.5
      ],
      [
        1053.5,
        806.5
      ],
      [
        1058.5,
        833.5
      ],
      [
        1010.5,
        784.5
      ],
      [
        1018.5,
        767.5
      ],
      [
        998.5,
        751.5
      ],
      [
        969.5,
        735.5
      ],
      [
        939.5,
        740.5
      ],
      [
        959.8330000000001,
        702.5
      ],
      [
        935.8330000000001,
        714.8330000000001
      ],
      [
        900.5,
        713.5
      ],
      [
        868.5,
        709.5
      ],
      [
        845.8330000000001,
        738.1669999999999
      ],
      [
        824.5,
        738.5
      ],
      [
        855.5,
        773.5
      ],
      [
        874.5,
        773.5
      ],
      [
        878.5,
        825.5
      ],
      [
        853.5,
        827.5
      ],
      [
        825.5,
        845.5
      ],
      [
        864.5,
        869.5
      ],
      [
        901.5,
        844.5
      ],
      [
        905.5,
        820.5
      ],
      [
        945.5,
        840.5
      ],
      [
        959.5,
        794.5
      ],
      [
        1001.5,
        818.5
      ],
      [
        1031.5,
        854.5
      ],
      [
        995.5,
        855.5
      ],
      [
        974.5,
        840.5
      ],
      [
        998.5,
        887.5
      ],
      [
        999.5,
        912.5
      ],
      [
        951.8330000000001,
        887.5
      ],
      [
        905.1669999999999,
        900.1669999999999
      ],
      [
        933.1669999999999,
        928.8330000000001
      ],
      [
        930.5,
        953.5
      ],
      [
        950.5,
        964.5
      ],
      [
        987.5,
        972.5
      ],
      [
        863.5,
        965.5
      ],
      [
        839.5,
        969.5
      ],
      [
        833.5,
        940.5
      ],
      [
        834.5,
        903.5
      ],
      [
        848.5,
        1017.5
      ],
      [
        829.5,
        999.5
      ],
      [
        805.5,
        1000.5
      ],
      [
        791.5,
        993.5
      ],
      [
        765.5,
        975.5
      ],
      [
        736.5,
        989.5
      ],
      [
        691.5,
        965.5
      ],
      [
        761.5,
        906.5
      ],
      [
        754.5,
        880.5
      ],
      [
        700.5,
        869.5
      ],
      [
        778.5,
        819.5
      ],
      [
        801.5,
        796.5
      ],
      [
        733.5,
        878.5
      ],
      [
        634.5,
        910.5
      ],
      [
        652.5,
        876.5
      ],
      [
        631.5,
        853.5
      ],
      [
        561.5,
        780.5
      ],
      [
        566.5,
        768.5
      ],
      [
        569.5,
        699.5
      ],
      [
        676.5,
        656.5
      ],
      [
        720.5,
        704.5
      ],
      [
        671.5,
        700.5
      ],
      [
        644.5,
        704.5
      ],
      [
        630.5,
        728.5
      ],
      [
        631.5,
        762.5
      ],
      [
        631.5,
        790.5
      ],
      [
        666.5,
        757.5
      ],
      [
        698.5,
        759.5
      ],
      [
        752.5,
        712.1669999999999
      ],
      [
        689.5,
        723.8330000000001
      ],
      [
        704.5,
        808.5
      ],
      [
        662.5,
        804.5
      ],
      [
        744.5,
        796.5
      ],
      [
        780.5,
        790.5
      ],
      [
        681.1669999999999,
        972.8330000000001
      ],
      [
        837.1669999999999,
        954.8330000000001
      ],
      [
        919.1669999999999,
        931.5
      ],
      [
        987.8330000000001,
        882.1669999999999
      ],
      [
        718.5,
        976.5
      ],
      [
        644.8330000000001,
        735.1669999999999
      ],
      [
        736.8330000000001,
        637.1669999999999
      ],
      [
        1058.833,
        757.1669999999999
      ],
      [
        624.8330000000001,
        859.5
      ]
    ],
    [
      [
        1391.1670000000001,
        197.167
      ],
      [
        1407.8329999999999,
        211.833
      ],
      [
        1433.1670000000001,
        220.5
      ],
      [
        1461.8329999999999,
        191.833
      ],
      [
        1416.5,
        250.5
      ],
      [
        1422.5,
        285.83299999999997
      ],
      [
        1415.1670000000001,
        319.83299999999997
      ],
      [
        1413.8329999999999,
        345.167
      ],
      [
        1425.8329999999999,
        355.833
      ],
      [
        1455.8329999999999,
        343.833
      ],
      [
        1452.5,
        371.833
      ],
      [
        1466.5,
        389.833
      ],
      [
        1503.1670000000001,
        373.833
      ],
      [
        1479.8329999999999,
        300.5
      ],
      [
        1459.1670000000001,
        253.167
      ],
      [
        1552.5,
        247.833
      ],
      [
        1569.1670000000001,
        271.83299999999997
      ],
      [
        1605.1670000000001,
        285.16700000000003
      ],
      [
        1591.1670000000001,
        334.5
      ],
      [
        1611.1670000000001,
        341.833
      ],
      [
        1568.5,
        367.167
      ],
      [
        1585.8329999999999,
        380.5
      ],
      [
        1585.8329999999999,
        369.833
      ],
      [
        1525.1670000000001,
        416.5
      ],
      [
        1545.8329999999999,
        414.5
      ],
      [
        1567.1670000000001,
        433.833
      ],
      [
        1587.1670000000001,
        429.833
      ],
      [
        1617.1670000000001,
        420.5
      ],
      [
        1667.8329999999999,
        369.833
      ],
      [
        1691.1670000000001,
        354.5
      ],
      [
        1695.8329999999999,
        445.833
      ],
      [
        1709.1670000000001,
        452.5
      ],
      [
        1611.8329999999999,
        463.833
      ],
      [
        1575.1670000000001,
        477.167
      ],
      [
        1578.5,
        501.167
      ],
      [
        1545.8329999999999,
        506.5
      ],
      [
        1523.8329999999999,
        547.1669999999999
      ],
      [
        1565.1670000000001,
        541.8330000000001
      ],
      [
        1641.8329999999999,
        513.1669999999999
      ],
      [
        1641.8329999999999,
