{
  "file_name": "3_3_frame_18",
  "bb": [
    [
      1269,
      125,
      622,
      622
    ],
    [
      570,
      310,
      624,
      624
    ]
  ],
  "valid_bb": [
    1,
    1
  ],
  "cell": [
    [
      [
        1538.0,
        177.0
      ],
      [
        1520.8329999999999,
        190.5
      ],
      [
        1576.8329999999999,
        184.5
      ],
      [
        1645.5,
        155.833
      ],
      [
        1640.8329999999999,
        201.167
      ],
      [
        1648.8329999999999,
        219.833
      ],
      [
        1619.5,
        235.167
      ],
      [
        1596.1670000000001,
        267.83299999999997
      ],
      [
        1574.1670000000001,
        271.83299999999997
      ],
      [
        1552.1670000000001,
        231.833
      ],
      [
        1520.8329999999999,
        232.5
      ],
      [
        1509.5,
        243.167
      ],
      [
        1478.1670000000001,
        250.5
      ],
      [
        1454.1670000000001,
        256.5
      ],
      [
        1451.5,
        283.16700000000003
      ],
      [
        1423.5,
        293.16700000000003
      ],
      [
        1420.1670000000001,
        285.16700000000003
      ],
      [
        1344.1670000000001,
        307.83299999999997
      ],
      [
        1311.5,
        386.5
      ],
      [
        1428.8329999999999,
        387.833
      ],
      [
        1465.5,
        378.5
      ],
      [
        1479.5,
        405.167
      ],
      [
        1501.5,
        361.167
      ],
      [
        1525.5,
        366.5
      ],
      [
        1508.1670000000001,
        301.83299999999997
      ],
      [
        1588.8329999999999,
        355.167
      ],
      [
        1590.8329999999999,
        385.833
      ],
      [
        1530.1670000000001,
        424.5
      ],
      [
        1512.8329999999999,
        425.833
      ],
      [
        1556.1670000000001,
        469.833
      ],
      [
        1589.5,
        439.167
      ],
      [
        1633.5,
        401.167
      ],
      [
        1647.5,
        379.167
      ],
      [
        1661.5,
        390.0
      ],
      [
        1650.8329999999999,
        453.167
      ],
      [
        1684.1670000000001,
        415.833
      ],
      [
        1687.5,
        385.167
      ],
      [
        1719.5,
        404.5
      ],
      [
        1726.5,
        381.5
      ],
      [
        1704.1670000000001,
        431.167
      ],
      [
        1695.5,
        190.5
      ],
      [
        1705.5,
        237.833
      ],
      [
        1736.1670000000001,
        249.833
      ],
      [
        1756.8329999999999,
        248.5
      ],
      [
        1710.8329999999999,
        277.16700000000003
      ],
      [
        1705.5,
        307.83299999999997
      ],
      [
        1675.5,
        325.16700000000003
      ],
      [
        1668.8329999999999,
        308.5
      ],
      [
        1646.5,
        316.0
      ],
      [
        1628.8329999999999,
        339.167
      ],
      [
        1807.5,
        305.16700000000003
      ],
      [
        1792.8329999999999,
        297.83299999999997
      ],
      [
        1809.5,
        355.167
      ],
      [
        1788.8329999999999,
        421.833
      ],
      [
        1798.8329999999999,
        446.5
      ],
      [
        1834.8329999999999,
        441.167
      ],
      [
        1832.8329999999999,
        505.167
      ],
      [
        1791.5,
        477.833
      ],
      [
        1776.8329999999999,
        495.167
      ],
      [
        1768.1670000000001,
        481.833
      ],
      [
        1786.1670000000001,
        533.8330000000001
      ],
      [
        1728.1670000000001,
        473.833
      ],
      [
        1718.8329999999999,
        453.167
      ],
      [
        1749.5,
        447.833
      ],
      [
        1376.8329999999999,
        430.5
      ],
      [
        1345.5,
        470.0
      ],
      [
        1370.1670000000001,
        498.5
      ],
      [
        1383.5,
        469.167
      ],
      [
        1397.5,
        499.167
      ],
      [
        1415.5,
        534.5
      ],
      [
        1393.0,
        545.5
      ],
      [
        1344.1670000000001,
        546.5
      ],
      [
        1471.5,
        511.167
      ],
      [
        1464.1670000000001,
        541.8330000000001
      ],
      [
        1480.1670000000001,
        543.8330000000001
      ],
      [
        1490.8329999999999,
        519.8330000000001
      ],
      [
        1515.5,
        504.5
      ],
      [
        1523.5,
        531.8330000000001
      ],
      [
        1630.0,
        537.0
      ],
      [
        1665.5,
        519.8330000000001
      ],
      [
        1707.5,
        511.167
      ],
      [
        1695.5,
        532.5
      ],
      [
        1728.8329999999999,
        331.833
      ],
      [
        1575.5,
        557.1669999999999
      ],
      [
        1531.5,
        591.8330000000001
      ],
      [
        1524.8329999999999,
        620.5
      ],
      [
        1501.5,
        613.8330000000001
      ],
      [
        1483.5,
        653.1669999999999
      ],
      [
        1446.1670000000001,
        609.8330000000001
      ],
      [
        1413.5,
        599.1669999999999
      ],
      [
        1374.8329999999999,
        633.1669999999999
      ],
      [
        1392.1670000000001,
        657.8330000000001
      ],
      [
        1568.1670000000001,
        618.5
      ],
      [
        1562.1670000000001,
        654.5
      ],
      [
        1578.1670000000001,
        673.8330000000001
      ],
      [
        1636.8329999999999,
        635.8330000000001
      ],
      [
        1672.8329999999999,
        642.5
      ],
      [
        1744.1670000000001,
        631.1669999999999
      ],
      [
        1747.5,
        570.5
      ],
      [
        1721.5,
        559.1669999999999
      ],
      [
        1703.5,
        552.5
      ],
      [
        1380.5,
        373.5
      ],
      [
        1601.0,
        362.5
      ],
      [
        1494.0,
        374.5
      ],
      [
        1796.0,
        314.5
      ],
      [
        1578.0,
        440.0
      ],
      [
        1660.5,
        404.5
      ],
      [
        1389.8329999999999,
        494.833
      ],
      [
        1700.0,
        414.0
      ]
    ],
    [
      [
        923.0,
        356.0
      ],
      [
        892.1669999999999,
        392.833
      ],
      [
        835.5,
        376.833
      ],
      [
        786.1669999999999,
        397.5
      ],
      [
        776.1669999999999,
        396.167
      ],
      [
        758.8330000000001,
        398.167
      ],
      [
        754.1669999999999,
        443.833
      ],
      [
        756.8330000000001,
        461.5
      ],
      [
        710.5,
        467.5
      ],
      [
        726.8330000000001,
        474.833
      ],
      [
        771.5,
        496.833
      ],
      [
        743.5,
        508.833
      ],
      [
        746.8330000000001,
        524.8330000000001
      ],
      [
        780.8330000000001,
        516.8330000000001
      ],
      [
        803.5,
        520.1669999999999
      ],
      [
        816.8330000000001,
        502.833
      ],
      [
        839.5,
        466.833
      ],
      [
        864.1669999999999,
        468.833
      ],
      [
        888.1669999999999,
        431.5
      ],
      [
        842.8330000000001,
        426.833
      ],
      [
        794.1669999999999,
        440.833
      ],
      [
        942.8330000000001,
        431.5
      ],
      [
        986.1669999999999,
        440.167
      ],
      [
        1008.1669999999999,
        410.167
      ],
      [
        1025.5,
        400.833
      ],
      [
        1025.5,
        427.5
      ],
      [
        992.8330000000001,
        514.8330000000001
      ],
