{
  "file_name": "3_3_frame_19",
  "bb": [
    [
      187,
      69,
      642,
      642
    ],
    [
      866,
      272,
      656,
      656
    ]
  ],
  "valid_bb": [
    1,
    1
  ],
  "cell": [
    [
      [
        660.0,
        174.0
      ],
      [
        646.1669999999999,
        157.5
      ],
      [
        628.1669999999999,
        211.5
      ],
      [
        630.1669999999999,
        235.5
      ],
      [
        622.1669999999999,
        273.5
      ],
      [
        611.5,
        300.16700000000003
      ],
      [
        727.5,
        242.833
      ],
      [
        744.1669999999999,
        256.83299999999997
      ],
      [
        744.8330000000001,
        276.83299999999997
      ],
      [
        756.8330000000001,
        330.833
      ],
      [
        698.1669999999999,
        352.167
      ],
      [
        650.1669999999999,
        346.167
      ],
      [
        643.5,
        369.5
      ],
      [
        602.8330000000001,
        374.833
      ],
      [
        638.8330000000001,
        419.5
      ],
      [
        656.8330000000001,
        432.833
      ],
      [
        663.5,
        422.833
      ],
      [
        669.5,
        482.833
      ],
      [
        711.5,
        462.833
      ],
      [
        733.5,
        437.5
      ],
      [
        732.1669999999999,
        467.5
      ],
      [
        724.8330000000001,
        500.167
      ],
      [
        563.5,
        546.1669999999999
      ],
      [
        552.1669999999999,
        570.8330000000001
      ],
      [
        586.8330000000001,
        569.5
      ],
      [
        598.8330000000001,
        588.8330000000001
      ],
      [
        574.1669999999999,
        262.16700000000003
      ],
      [
        547.5,
        279.5
      ],
      [
        527.5,
        276.16700000000003
      ],
      [
        532.8330000000001,
        231.5
      ],
      [
        513.5,
        180.167
      ],
      [
        569.5,
        175.5
      ],
      [
        570.8330000000001,
        213.5
      ],
      [
        570.8330000000001,
        242.833
      ],
      [
        458.167,
        220.833
      ],
      [
        428.833,
        205.5
      ],
      [
        443.5,
        184.167
      ],
      [
        454.167,
        158.167
      ],
      [
        376.167,
        165.5
      ],
      [
        356.833,
        143.5
      ],
      [
        405.5,
        166.833
      ],
      [
        326.83299999999997,
        178.833
      ],
      [
        357.5,
        202.833
      ],
      [
        383.5,
        190.833
      ],
      [
        381.5,
        220.833
      ],
      [
        390.167,
        207.5
      ],
      [
        282.83299999999997,
        268.83299999999997
      ],
      [
        277.5,
        301.5
      ],
      [
        239.5,
        322.16700000000003
      ],
      [
        313.0,
        327.5
      ],
      [
        356.833,
        286.83299999999997
      ],
      [
        350.167,
        250.833
      ],
      [
        400.833,
        280.16700000000003
      ],
      [
        383.5,
        323.5
      ],
      [
        400.167,
        316.16700000000003
      ],
      [
        442.833,
        312.16700000000003
      ],
      [
        444.833,
        328.167
      ],
      [
        450.833,
        350.833
      ],
      [
        416.167,
        355.5
      ],
      [
        388.833,
        379.5
      ],
      [
        418.833,
        388.833
      ],
      [
        391.5,
        402.167
      ],
      [
        362.167,
        387.5
      ],
      [
        347.5,
        400.833
      ],
      [
        332.833,
        384.833
      ],
      [
        308.83299999999997,
        385.5
      ],
      [
        300.83299999999997,
        400.833
      ],
      [
        320.83299999999997,
        410.167
      ],
      [
        270.83299999999997,
        446.167
      ],
      [
        260.16700000000003,
        476.167
      ],
      [
        270.83299999999997,
        504.167
      ],
      [
        304.16700000000003,
        494.167
      ],
      [
        317.5,
        467.5
      ],
      [
        313.5,
        512.8330000000001
      ],
      [
        294.16700000000003,
        560.8330000000001
      ],
      [
        358.167,
        510.833
      ],
      [
        390.167,
        488.833
      ],
      [
        406.833,
        468.167
      ],
      [
        406.167,
        499.5
      ],
      [
        379.0,
        469.0
      ],
      [
        352.167,
        456.167
      ],
      [
        359.5,
        423.5
      ],
      [
        395.5,
        434.167
      ],
      [
        436.833,
        435.5
      ],
      [
        479.5,
        422.167
      ],
      [
        420.833,
        333.5
      ],
      [
        507.5,
        424.167
      ],
      [
        513.5,
        476.167
      ],
      [
        514.8330000000001,
        508.833
      ],
      [
        496.833,
        549.5
      ],
      [
        446.167,
        522.1669999999999
      ],
      [
        423.5,
        602.1669999999999
      ],
      [
        379.5,
        585.5
      ],
      [
        379.5,
        563.5
      ],
      [
        366.167,
        564.8330000000001
      ],
      [
        456.833,
        588.8330000000001
      ],
      [
        471.5,
        568.8330000000001
      ],
      [
        503.5,
        586.1669999999999
      ],
      [
        498.167,
        602.1669999999999
      ],
      [
        490.167,
        640.8330000000001
      ],
      [
        539.5,
        626.8330000000001
      ],
      [
        556.8330000000001,
        640.1669999999999
      ],
      [
        552.8330000000001,
        494.167
      ],
      [
        497.5,
        330.167
      ],
      [
        498.167,
        359.5
      ],
      [
        481.5,
        285.5
      ],
      [
        404.833,
        252.833
      ],
      [
        433.5,
        454.167
      ],
      [
        334.833,
        543.5
      ],
      [
        637.1669999999999,
        284.83299999999997
      ],
      [
        375.0,
        396.5
      ],
      [
        730.5,
        419.0
      ],
      [
        688.0,
        451.5
      ],
      [
        716.0,
        444.0
      ]
    ],
    [
      [
        1078.0,
        343.0
      ],
      [
        1066.833,
        381.167
      ],
      [
        1056.167,
        408.5
      ],
      [
        1081.5,
        407.833
      ],
      [
        1114.833,
        419.167
      ],
      [
        1136.833,
        399.833
      ],
      [
        1118.167,
        403.833
      ],
      [
        1124.833,
        462.5
      ],
      [
        1158.833,
        452.5
      ],
      [
        1178.167,
        425.833
      ],
      [
        1152.833,
        403.167
      ],
      [
        1175.5,
        400.5
      ],
      [
        1212.833,
        379.833
      ],
      [
        1189.5,
        339.833
      ],
      [
        1240.833,
        381.167
      ],
      [
        1231.5,
        407.833
      ],
      [
        1172.167,
        517.8330000000001
      ],
      [
        1166.833,
        495.833
      ],
      [
        1195.5,
        504.5
      ],
      [
        1127.5,
        535.8330000000001
      ],
      [
        1078.833,
        485.833
      ],
      [
        1036.833,
        473.833
      ],
      [
        1045.5,
        463.833
      ],
      [
        1006.8330000000001,
        449.167
      ],
      [
        987.5,
        441.167
      ],
      [
        1004.1669999999999,
        409.167
      ],
      [
        1006.8330000000001,
        386.5
      ],
      [
        980.8330000000001,
        392.5
      ],
      [
        958.1669999999999,
        461.167
      ],
      [
        989.5,
        487.833
      ],
      [
        930.1669999999999,
